2023-08-19 00:33:44,"[0, 0, 0]","[0, 0, 0]"
2023-08-19 00:33:45,"[1.4526025297990248, 0.3747235360616501, 5.186346071173311]","[0, 0, 0]"
2023-08-19 00:33:46,"[0.5111514748158277, 1.7514199800468084, 10.69001438288102]","[0, 0, 0]"
2023-08-19 00:33:47,"[1.3753454668187337, 4.871855322579444, 14.100750098218889]","[0, 0, 0]"
2023-08-19 00:33:48,"[-0.10706209314400716, 5.379126354848443, 25.597365826034444]","[0, 0, 0]"
2023-08-19 00:33:49,"[-0.5242976179506225, 5.556895630001613, 28.230868668582733]","[0, 0, 0]"
2023-08-19 00:33:50,"[-2.0290524812413313, 4.157257952137754, 29.804491014930683]","[0, 0, 0]"
2023-08-19 00:33:51,"[1.2859547822178903, 3.725420908657391, 39.81426418940852]","[0, 0, 0]"
2023-08-19 00:33:52,"[1.3766416070059793, 7.634115755803659, 38.24142766166053]","[0, 0, 0]"
2023-08-19 00:33:53,"[5.995637469995949, 7.672325593403606, 38.82973564446913]","[0, 0, 0]"
2023-08-19 00:33:54,"[7.886045232730693, 11.648341608466284, 40.54390374758788]","[0, 0, 0]"
2023-08-19 00:33:55,"[9.959406195352049, 19.287088482651157, 43.31277828091941]","[0, 0, 0]"
2023-08-19 00:33:56,"[4.913703352526292, 20.338074191994167, 51.769289014864185]","[0, 0, 0]"
2023-08-19 00:33:57,"[6.130182991430669, 24.863418485984653, 53.1513584750074]","[0, 0, 0]"
2023-08-19 00:33:58,"[8.79139495324487, 32.20210408561288, 50.839479576590975]","[0, 0, 0]"
2023-08-19 00:33:59,"[8.343513888069207, 37.32357682570222, 51.56200168844186]","[0, 0, 0]"
2023-08-19 00:34:00,"[7.93080480502472, 42.284402466522096, 52.72139451702417]","[0, 0, 0]"
2023-08-19 00:34:01,"[11.374552047457227, 41.15258163068493, 53.133523199441605]","[0, 0, 0]"
2023-08-19 00:34:02,"[15.457188346440649, 33.614938084621464, 51.10094174830438]","[0, 0, 0]"
2023-08-19 00:34:03,"[13.283405073056109, 38.92408780895859, 56.64933520206973]","[0, 0, 0]"
2023-08-19 00:34:04,"[15.698710956700456, 43.18361689603382, 55.766833063657565]","[0, 0, 0]"
2023-08-19 00:34:05,"[18.752893610711073, 46.74371649476953, 56.131810702649254]","[0, 0, 0]"
2023-08-19 00:34:06,"[20.101748897084274, 49.83776982160447, 60.715845572319424]","[0, 0, 0]"
2023-08-19 00:34:07,"[24.049289572081303, 52.42677026731969, 63.81274451938476]","[0, 0, 0]"
2023-08-19 00:34:08,"[31.368328536510845, 58.08740553083133, 63.42136847974741]","[0, 0, 0]"
2023-08-19 00:34:09,"[29.63315387444679, 61.33590920740585, 68.32374856475867]","[0, 0, 0]"
2023-08-19 00:34:10,"[29.698634929048346, 68.32427713843839, 71.26237086585037]","[0, 0, 0]"
2023-08-19 00:34:11,"[32.795507636715705, 69.96709559178903, 72.22046269129893]","[0, 0, 0]"
2023-08-19 00:34:12,"[31.41359789578341, 66.17534983214539, 74.86184481863135]","[0, 0, 0]"
2023-08-19 00:34:13,"[32.41628861290021, 64.80309975584476, 72.60140512101472]","[0, 0, 0]"
2023-08-19 00:34:14,"[27.949131556749357, 64.62870110937008, 73.73751508193533]","[0, 0, 0]"
2023-08-19 00:34:15,"[27.547743257698112, 66.01355520250256, 77.5893837395045]","[0, 0, 0]"
2023-08-19 00:34:16,"[27.304025260274845, 63.11440735074186, 78.30225442557351]","[0, 0, 0]"
2023-08-19 00:34:17,"[30.99743500326557, 60.39422613423738, 85.89996080662759]","[0, 0, 0]"
2023-08-19 00:34:18,"[37.79568881747546, 61.998414118451976, 88.15740336290112]","[0, 0, 0]"
2023-08-19 00:34:19,"[43.86577652159464, 62.59617272470837, 92.27160771367535]","[0, 0, 0]"
2023-08-19 00:34:20,"[43.31827226493505, 66.56907977015355, 95.02405073212446]","[0, 0, 0]"
2023-08-19 00:34:21,"[46.55597868418524, 66.96179487119673, 98.67247696571269]","[0, 0, 0]"
2023-08-19 00:34:22,"[43.21220019395108, 72.59133527906644, 103.13316304044682]","[0, 0, 0]"
2023-08-19 00:34:23,"[44.78972652909726, 76.24394040734968, 108.114083988144]","[0, 0, 0]"
2023-08-19 00:34:24,"[44.64945477642088, 72.48645984958345, 111.8221010561784]","[0, 0, 0]"
2023-08-19 00:34:25,"[45.570007071016256, 74.60905502211337, 112.6010108990328]","[0, 0, 0]"
2023-08-19 00:34:26,"[50.51170181946623, 74.4826695283542, 116.42664827958647]","[0, 0, 0]"
2023-08-19 00:34:27,"[56.374184214635385, 75.22770469621095, 124.44261726581988]","[0, 0, 0]"
2023-08-19 00:34:28,"[58.689258755833436, 78.36738127650413, 130.29870214719406]","[0, 0, 0]"
2023-08-19 00:34:29,"[58.43871446221424, 74.62978794991409, 131.02797292687933]","[0, 0, 0]"
2023-08-19 00:34:30,"[58.642384008079276, 77.57184831907645, 130.2671625684892]","[0, 0, 0]"
2023-08-19 00:34:31,"[58.47249124587856, 81.12366179974451, 134.35215691768354]","[0, 0, 0]"
2023-08-19 00:34:32,"[62.915669894590934, 80.06755250334241, 138.92181115441443]","[0, 0, 0]"
2023-08-19 00:34:33,"[63.683220654296896, 82.4251607006758, 139.67475538668756]","[0, 0, 0]"
2023-08-19 00:34:34,"[70.52579279984852, 83.3885063365025, 143.38826217856834]","[0, 0, 0]"
2023-08-19 00:34:35,"[68.43530165362483, 87.09911289716963, 150.64134265099412]","[0, 0, 0]"
2023-08-19 00:34:36,"[70.27580600811187, 87.39786410727771, 151.51330709149101]","[0, 0, 0]"
2023-08-19 00:34:37,"[70.70611419547167, 88.74538467796897, 159.24608681398044]","[0, 0, 0]"
2023-08-19 00:34:38,"[72.09982544894329, 93.01294011348375, 158.3449074727265]","[0, 0, 0]"
2023-08-19 00:34:39,"[75.11452586528452, 92.52160006391735, 163.3334035528741]","[0, 0, 0]"
2023-08-19 00:34:40,"[70.2358999941875, 95.74805088840253, 166.83770678860304]","[0, 0, 0]"
2023-08-19 00:34:41,"[76.1953538889597, 94.84821921596345, 169.3764555232574]","[0, 0, 0]"
2023-08-19 00:34:42,"[76.03152206607913, 98.2302489997954, 172.66639734850318]","[0, 0, 0]"
2023-08-19 00:34:43,"[70.36241859404744, 100.86510038957834, 175.7718961919504]","[0, 0, 0]"
2023-08-19 00:34:44,"[71.42296622288835, 103.24903518009943, 181.05727577406805]","[0, 0, 0]"
2023-08-19 00:34:45,"[73.58600669216541, 102.75493503589983, 184.23475031542284]","[0, 0, 0]"
2023-08-19 00:34:46,"[72.39262574370899, 101.72202039624867, 183.66680951507115]","[0, 0, 0]"
2023-08-19 00:34:47,"[80.21276008511829, 108.39189809880158, 181.5430425165436]","[0, 0, 0]"
2023-08-19 00:34:48,"[79.88344351119758, 106.61283529002381, 183.7605889472609]","[0, 0, 0]"
2023-08-19 00:34:49,"[80.239950501337, 113.05553128599402, 189.7435738244548]","[0, 0, 0]"
2023-08-19 00:34:50,"[74.24250408749859, 114.81950162978838, 191.01052236418775]","[0, 0, 0]"
2023-08-19 00:34:51,"[74.16479853218537, 120.86970616324405, 195.49420148654755]","[0, 0, 0]"
2023-08-19 00:34:52,"[77.4805321067175, 121.79313767163065, 201.54425152180653]","[0, 0, 0]"
2023-08-19 00:34:53,"[79.2717313554635, 123.78346779943492, 209.62164437040968]","[0, 0, 0]"
2023-08-19 00:34:54,"[78.96246511570759, 122.64693290487368, 213.4112672314235]","[0, 0, 0]"
2023-08-19 00:34:55,"[78.88046133774328, 123.05073618776213, 216.30785261523937]","[0, 0, 0]"
2023-08-19 00:34:56,"[78.44236444162013, 128.85310320266223, 218.19672070398912]","[0, 0, 0]"
2023-08-19 00:34:57,"[73.55817964692423, 128.92247803432156, 222.89462958361153]","[0, 0, 0]"
2023-08-19 00:34:58,"[77.10989875138112, 129.86550106308795, 223.67308326725242]","[0, 0, 0]"
2023-08-19 00:34:59,"[79.05925443431123, 130.1769314045454, 225.0674539074954]","[0, 0, 0]"
2023-08-19 00:35:00,"[79.74071259662618, 129.35073155943155, 233.24446216441407]","[0, 0, 0]"
2023-08-19 00:35:01,"[81.5678921424007, 131.5058552945854, 232.1540102474941]","[0, 0, 0]"
2023-08-19 00:35:02,"[81.24116495232019, 134.26848613089845, 232.7071004524798]","[0, 0, 0]"
2023-08-19 00:35:03,"[83.34036813920076, 135.19492976476124, 232.63107135314158]","[0, 0, 0]"
2023-08-19 00:35:04,"[85.97429557215769, 138.70678448038413, 236.02567282279307]","[0, 0, 0]"
2023-08-19 00:35:05,"[84.24880172440596, 137.65018302338385, 241.3748303001886]","[0, 0, 0]"
2023-08-19 00:35:06,"[83.13221861788652, 139.07358529775144, 246.00353551328243]","[0, 0, 0]"
2023-08-19 00:35:07,"[89.74161903898451, 141.2801983827247, 251.34587949941664]","[0, 0, 0]"
2023-08-19 00:35:08,"[89.43782322071361, 140.79053667285498, 251.03849361240825]","[0, 0, 0]"
2023-08-19 00:35:09,"[92.73206062812432, 140.24360976782762, 258.9757065973465]","[0, 0, 0]"
2023-08-19 00:35:10,"[98.79540387091708, 142.5224055909925, 256.4690330743065]","[0, 0, 0]"
2023-08-19 00:35:11,"[99.49688971973993, 145.07419089595618, 266.45044828378263]","[0, 0, 0]"
2023-08-19 00:35:12,"[106.24909004052088, 144.63551179439875, 265.8783530036817]","[0, 0, 0]"
2023-08-19 00:35:13,"[100, 149.41858271938776, 268.6222336942903]","[9.979896703707709, 0, 0]"
2023-08-19 00:35:14,"[100, 145.7605912732391, 268.4027302992438]","[11.007342313341608, 0, 0]"
2023-08-19 00:35:15,"[100, 147.43352204559883, 271.2370217647384]","[14.731387354417656, 0, 0]"
2023-08-19 00:35:16,"[100, 151.91738736559373, 272.9646857635651]","[18.52798831945678, 0, 0]"
2023-08-19 00:35:17,"[100, 152.42556477699344, 272.8241616112683]","[19.91834175583554, 0, 0]"
2023-08-19 00:35:18,"[100, 155.26828973591302, 274.5968035163438]","[24.59692100326677, 0, 0]"
2023-08-19 00:35:19,"[100, 159.24850960009636, 287.5074016488741]","[21.403012568493068, 0, 0]"
2023-08-19 00:35:20,"[100, 162.4995970862136, 286.0960696906183]","[24.314480542598407, 0, 0]"
2023-08-19 00:35:21,"[100, 165.95485333445586, 286.2843572150646]","[32.46151161173566, 0, 0]"
2023-08-19 00:35:22,"[1.985781901812343, 170.3709487573301, 291.58761141804564]","[32.46151161173566, 0, 0]"
2023-08-19 00:35:23,"[6.098913258603347, 170.72575223142834, 297.6238618144213]","[32.46151161173566, 0, 0]"
2023-08-19 00:35:24,"[9.180987402853058, 171.11175620371694, 298.2086476243744]","[32.46151161173566, 0, 0]"
2023-08-19 00:35:25,"[11.133880420035261, 171.02019857582073, 304.06834611244017]","[32.46151161173566, 0, 0]"
2023-08-19 00:35:26,"[13.641764384950655, 173.63544462325365, 300]","[32.46151161173566, 0, 8.161880517199751]"
2023-08-19 00:35:27,"[12.343648758984942, 174.32403212628603, 300]","[32.46151161173566, 0, 13.52522104300061]"
2023-08-19 00:35:28,"[18.089975427271597, 176.0216048602014, 300]","[32.46151161173566, 0, 14.80546912150454]"
2023-08-19 00:35:29,"[18.393473891594887, 178.4307753979232, 300]","[32.46151161173566, 0, 18.555858226004535]"
2023-08-19 00:35:30,"[17.2439266343862, 184.76428457990275, 300]","[32.46151161173566, 0, 26.5485101686637]"
2023-08-19 00:35:31,"[13.850442325590413, 186.5888178367695, 300]","[32.46151161173566, 0, 29.66522729964891]"
2023-08-19 00:35:32,"[13.325586894284896, 191.09817784523395, 300]","[32.46151161173566, 0, 32.543829346113014]"
2023-08-19 00:35:33,"[16.987406702904753, 192.87537737070767, 300]","[32.46151161173566, 0, 41.42394439243075]"
2023-08-19 00:35:34,"[16.611381737904434, 188.79893456927846, 300]","[32.46151161173566, 0, 37.50057030754519]"
2023-08-19 00:35:35,"[20.031780083816564, 190.94264867499876, 300]","[32.46151161173566, 0, 40.590328973878144]"
2023-08-19 00:35:36,"[20.02999991023583, 189.91000068629444, 300]","[32.46151161173566, 0, 38.17400857926152]"
2023-08-19 00:35:37,"[24.446935672262548, 188.57378414388813, 300]","[32.46151161173566, 0, 40.4456262000413]"
2023-08-19 00:35:38,"[22.935239524335465, 190.6748227196113, 300]","[32.46151161173566, 0, 44.02697391254676]"
2023-08-19 00:35:39,"[26.357306926805634, 191.9922395812821, 300]","[32.46151161173566, 0, 41.85959722062972]"
2023-08-19 00:35:40,"[33.02733151759221, 195.63786541516959, 300]","[32.46151161173566, 0, 45.92944865760089]"
2023-08-19 00:35:41,"[30.951138327098803, 191.41381826811974, 300]","[32.46151161173566, 0, 46.59103763195847]"
2023-08-19 00:35:42,"[34.03297534880964, 195.06391300481, 300]","[32.46151161173566, 0, 50.52878788530698]"
2023-08-19 00:35:43,"[35.217330669181074, 200.64928463091428, 300]","[32.46151161173566, 0, 50.72056518354699]"
2023-08-19 00:35:44,"[37.34878640098739, 200, 300]","[32.46151161173566, 1.9493911047607118, 55.33727987870436]"
2023-08-19 00:35:45,"[37.17710804494359, 200, 300]","[32.46151161173566, -6.631990391302202, 55.80300713302635]"
2023-08-19 00:35:46,"[41.51789246897137, 200, 300]","[32.46151161173566, -2.869595142075907, 60.71535294215318]"
2023-08-19 00:35:47,"[39.6538137058368, 200, 300]","[32.46151161173566, 2.093192068984524, 66.68488147071503]"
2023-08-19 00:35:48,"[34.85605234954614, 200, 300]","[32.46151161173566, 7.178541400131382, 69.48265747882456]"
2023-08-19 00:35:49,"[37.204066417134186, 200, 106.47477223027236]","[32.46151161173566, 7.869559533281527, 69.48265747882456]"
2023-08-19 00:35:50,"[37.290971985830446, 200, 113.87142529408939]","[32.46151161173566, 8.275074320302753, 69.48265747882456]"
2023-08-19 00:35:51,"[39.334472487618726, 200, 120.28940735077958]","[32.46151161173566, 10.950351320660275, 69.48265747882456]"
2023-08-19 00:35:52,"[37.35563550224254, 200, 125.7641393719962]","[32.46151161173566, 9.310469103126948, 69.48265747882456]"
2023-08-19 00:35:53,"[40.127255889940116, 200, 127.12754956176926]","[32.46151161173566, 7.276250387360181, 69.48265747882456]"
2023-08-19 00:35:54,"[43.208707456922575, 200, 135.05995069389203]","[32.46151161173566, 12.106295216439289, 69.48265747882456]"
2023-08-19 00:35:55,"[43.69978048276536, 200, 135.78093717104255]","[32.46151161173566, 20.867104950380124, 69.48265747882456]"
2023-08-19 00:35:56,"[43.26929885624374, 200, 140.54065416674106]","[32.46151161173566, 21.093216308015045, 69.48265747882456]"
2023-08-19 00:35:57,"[45.712398181428014, 200, 140.99732407474352]","[32.46151161173566, 25.781009843215895, 69.48265747882456]"
2023-08-19 00:35:58,"[43.18062796596226, 200, 144.1934927356413]","[32.46151161173566, 30.21746408651559, 69.48265747882456]"
2023-08-19 00:35:59,"[46.68506476625445, 200, 148.51092158327597]","[32.46151161173566, 32.15047262565872, 69.48265747882456]"
2023-08-19 00:36:00,"[46.40630346784337, 200, 150.51774405124075]","[32.46151161173566, 30.43071822833151, 69.48265747882456]"
2023-08-19 00:36:01,"[45.22244716181261, 200, 151.8016076023788]","[32.46151161173566, 35.181798013625254, 69.48265747882456]"
2023-08-19 00:36:02,"[47.061875239093034, 200, 158.753877754191]","[32.46151161173566, 40.93909143596871, 69.48265747882456]"
2023-08-19 00:36:03,"[50.70722576358441, 200, 159.32165635421902]","[32.46151161173566, 47.37644985569686, 69.48265747882456]"
2023-08-19 00:36:04,"[49.05382920612321, 200, 169.06922589798336]","[32.46151161173566, 49.102455950273544, 69.48265747882456]"
2023-08-19 00:36:05,"[52.17340935917288, 200, 171.71590805492318]","[32.46151161173566, 49.031540065259556, 69.48265747882456]"
2023-08-19 00:36:06,"[52.85279220508516, 200, 174.00125611125614]","[32.46151161173566, 49.59059475067703, 69.48265747882456]"
2023-08-19 00:36:07,"[57.14959521233256, 200, 171.7946758087426]","[32.46151161173566, 49.986725607568374, 69.48265747882456]"
2023-08-19 00:36:08,"[55.36646404514743, 200, 175.55925190642446]","[32.46151161173566, 51.52065051959819, 69.48265747882456]"
2023-08-19 00:36:09,"[53.13687979239151, 200, 178.60661301492635]","[32.46151161173566, 56.761570913640455, 69.48265747882456]"
2023-08-19 00:36:10,"[57.364686698891305, 200, 180.97951706671097]","[32.46151161173566, 56.97797270878374, 69.48265747882456]"
2023-08-19 00:36:11,"[55.32122370621279, 102.77373223137847, 182.05154715171213]","[32.46151161173566, 56.97797270878374, 69.48265747882456]"
2023-08-19 00:36:12,"[51.25481111763342, 113.48617896777229, 182.379503631135]","[32.46151161173566, 56.97797270878374, 69.48265747882456]"
2023-08-19 00:36:13,"[54.98998640289783, 110.5158100238931, 183.31320354852207]","[32.46151161173566, 56.97797270878374, 69.48265747882456]"
2023-08-19 00:36:14,"[57.30546004954107, 105.91927749176692, 184.73931830472537]","[32.46151161173566, 56.97797270878374, 69.48265747882456]"
2023-08-19 00:36:15,"[56.284324053403815, 105.67287906142357, 189.54753917769628]","[32.46151161173566, 56.97797270878374, 69.48265747882456]"
2023-08-19 00:36:16,"[57.4101635856075, 104.99669441668705, 189.16053338379947]","[32.46151161173566, 56.97797270878374, 69.48265747882456]"
2023-08-19 00:36:17,"[57.84948719786086, 105.56589533208796, 191.25560620222691]","[32.46151161173566, 56.97797270878374, 69.48265747882456]"
2023-08-19 00:36:18,"[60.22565236244232, 105.18012736430711, 195.80982538793313]","[32.46151161173566, 56.97797270878374, 69.48265747882456]"
2023-08-19 00:36:19,"[56.26718196260714, 104.57901269056364, 202.14245033603177]","[32.46151161173566, 56.97797270878374, 69.48265747882456]"
2023-08-19 00:36:20,"[55.31285636081203, 100.32543267693518, 204.74231924956516]","[32.46151161173566, 56.97797270878374, 69.48265747882456]"
2023-08-19 00:36:21,"[58.09217684048976, 101.70989130583727, 205.29550336194913]","[32.46151161173566, 56.97797270878374, 69.48265747882456]"
2023-08-19 00:36:22,"[60.872944537434854, 101.63896194082197, 208.1849826324027]","[32.46151161173566, 56.97797270878374, 69.48265747882456]"
2023-08-19 00:36:23,"[61.348438600843636, 100.26164021515717, 210.2846164953708]","[32.46151161173566, 56.97797270878374, 69.48265747882456]"
2023-08-19 00:36:24,"[62.709236219471954, 96.05006755650425, 210.7047497324315]","[32.46151161173566, 56.97797270878374, 69.48265747882456]"
2023-08-19 00:36:25,"[64.72722653738083, 101.94287813519357, 213.37177914840802]","[32.46151161173566, 56.97797270878374, 69.48265747882456]"
2023-08-19 00:36:26,"[67.52618008112916, 104.70448493436918, 217.85085061391948]","[32.46151161173566, 56.97797270878374, 69.48265747882456]"
2023-08-19 00:36:27,"[70.01032402518801, 103.97716008850051, 222.36223476189238]","[32.46151161173566, 56.97797270878374, 69.48265747882456]"
2023-08-19 00:36:28,"[70.31528364281495, 106.31183090946934, 227.40247682155965]","[32.46151161173566, 56.97797270878374, 69.48265747882456]"
2023-08-19 00:36:29,"[68.05049922854118, 111.33836162320601, 229.30132179293003]","[32.46151161173566, 56.97797270878374, 69.48265747882456]"
2023-08-19 00:36:30,"[70.2689260880748, 110.54905401533327, 223.5028312702605]","[32.46151161173566, 56.97797270878374, 69.48265747882456]"
2023-08-19 00:36:31,"[67.66677093803318, 115.65139114178656, 222.92336416928694]","[32.46151161173566, 56.97797270878374, 69.48265747882456]"
2023-08-19 00:36:32,"[67.89838851765485, 120.02904647736771, 223.57056030446097]","[32.46151161173566, 56.97797270878374, 69.48265747882456]"
2023-08-19 00:36:33,"[69.78595218958523, 123.90030403027201, 226.82690494137515]","[32.46151161173566, 56.97797270878374, 69.48265747882456]"
2023-08-19 00:36:34,"[65.5766701087254, 123.68935562277768, 230.8031791911243]","[32.46151161173566, 56.97797270878374, 69.48265747882456]"
2023-08-19 00:36:35,"[64.2275029480407, 121.75002818111638, 233.20751635847625]","[32.46151161173566, 56.97797270878374, 69.48265747882456]"
2023-08-19 00:36:36,"[65.45495772347275, 121.21356648104673, 234.84824036972938]","[32.46151161173566, 56.97797270878374, 69.48265747882456]"
2023-08-19 00:36:37,"[64.08060262033331, 124.3787656528357, 235.628130763098]","[32.46151161173566, 56.97797270878374, 69.48265747882456]"
2023-08-19 00:36:38,"[65.31889385566745, 129.4663097412775, 239.315129668606]","[32.46151161173566, 56.97797270878374, 69.48265747882456]"
2023-08-19 00:36:39,"[69.75283383741133, 130.77841749330605, 246.32523385357422]","[32.46151161173566, 56.97797270878374, 69.48265747882456]"
2023-08-19 00:36:40,"[72.75507160614087, 135.8330006030436, 250.01142066213416]","[32.46151161173566, 56.97797270878374, 69.48265747882456]"
2023-08-19 00:36:41,"[74.69612140445346, 141.1006976170651, 255.32360709770384]","[32.46151161173566, 56.97797270878374, 69.48265747882456]"
2023-08-19 00:36:42,"[81.44873885211594, 146.56856199713715, 253.48373101417945]","[32.46151161173566, 56.97797270878374, 69.48265747882456]"
2023-08-19 00:36:43,"[88.70736277666197, 148.295580173908, 254.3349239173023]","[32.46151161173566, 56.97797270878374, 69.48265747882456]"
2023-08-19 00:36:44,"[96.88330945138294, 156.63729080251449, 256.24827411796883]","[32.46151161173566, 56.97797270878374, 69.48265747882456]"
2023-08-19 00:36:45,"[96.76301231946627, 164.6824210039461, 263.10195416012454]","[32.46151161173566, 56.97797270878374, 69.48265747882456]"
2023-08-19 00:36:46,"[101.33465930926943, 160.16608995072133, 267.27692085070777]","[32.46151161173566, 56.97797270878374, 69.48265747882456]"
2023-08-19 00:36:47,"[100, 161.35950707485668, 267.54885225040516]","[41.462159254814814, 56.97797270878374, 69.48265747882456]"
2023-08-19 00:36:48,"[100, 160.9105976370477, 272.58886695863714]","[43.88034109236882, 56.97797270878374, 69.48265747882456]"
2023-08-19 00:36:49,"[100, 162.0959578862769, 277.3777701291296]","[42.85680784304883, 56.97797270878374, 69.48265747882456]"
2023-08-19 00:36:50,"[100, 169.51741381141392, 277.1653768053747]","[42.9562793063251, 56.97797270878374, 69.48265747882456]"
2023-08-19 00:36:51,"[100, 169.06461677843805, 280.4803479178383]","[43.3004819296665, 56.97797270878374, 69.48265747882456]"
2023-08-19 00:36:52,"[100, 174.1139751121359, 281.9626931219485]","[44.97279173595374, 56.97797270878374, 69.48265747882456]"
2023-08-19 00:36:53,"[100, 174.65521265079826, 284.91845724290886]","[45.82911185768448, 56.97797270878374, 69.48265747882456]"
2023-08-19 00:36:54,"[100, 174.66073756267835, 286.89022517508283]","[44.23602348382975, 56.97797270878374, 69.48265747882456]"
2023-08-19 00:36:55,"[100, 174.4174456838134, 286.2995767382622]","[44.38151280694256, 56.97797270878374, 69.48265747882456]"
2023-08-19 00:36:56,"[100, 176.99514256073118, 292.42922748509403]","[42.06200564156281, 56.97797270878374, 69.48265747882456]"
2023-08-19 00:36:57,"[100, 179.3899975431539, 293.84277553254503]","[36.98390050090415, 56.97797270878374, 69.48265747882456]"
2023-08-19 00:36:58,"[100, 181.43804173326785, 297.69635748836123]","[37.41329786980342, 56.97797270878374, 69.48265747882456]"
2023-08-19 00:36:59,"[100, 190.2083004827795, 302.50416946451645]","[38.34232552758755, 56.97797270878374, 69.48265747882456]"
2023-08-19 00:37:00,"[100, 191.3175410550682, 300]","[38.16291779691523, 56.97797270878374, 72.83691675285843]"
2023-08-19 00:37:01,"[100, 188.40895773260237, 300]","[36.59114799922611, 56.97797270878374, 74.44374028636668]"
2023-08-19 00:37:02,"[100, 188.585930140255, 300]","[33.69093582744867, 56.97797270878374, 79.88289174075052]"
2023-08-19 00:37:03,"[100, 195.56215261834788, 300]","[35.015731919848385, 56.97797270878374, 83.0995316259544]"
2023-08-19 00:37:04,"[100, 198.1886924508408, 300]","[41.224187075444235, 56.97797270878374, 84.84328385883263]"
2023-08-19 00:37:05,"[100, 197.84371240054867, 300]","[42.15650568319274, 56.97797270878374, 88.02518457109849]"
2023-08-19 00:37:06,"[100, 197.21543566925416, 300]","[44.26461096830438, 56.97797270878374, 88.93366017696579]"
2023-08-19 00:37:07,"[100, 202.94229506569081, 300]","[43.791483014333345, 56.97797270878374, 94.36169447551329]"
2023-08-19 00:37:08,"[100, 200, 300]","[40.790955192788076, 64.55219150239988, 99.42459684070715]"
2023-08-19 00:37:09,"[100, 200, 300]","[41.26206119245457, 64.45068929437619, 105.78050223756415]"
2023-08-19 00:37:10,"[100, 200, 300]","[47.709008858332716, 68.3735823196359, 108.48840907053702]"
2023-08-19 00:37:11,"[100, 200, 300]","[44.85029509095768, 68.55620986748912, 110.25681191285828]"
2023-08-19 00:37:12,"[100, 200, 300]","[48.273519017163714, 68.54215352998865, 115.50851029752039]"
2023-08-19 00:37:13,"[100, 200, 300]","[50.62700667693622, 68.33254449095546, 121.42360723345409]"
2023-08-19 00:37:14,"[100, 200, 300]","[53.46205864860888, 71.7365435715646, 124.83230298191361]"
2023-08-19 00:37:15,"[100, 200, 300]","[57.11501732551544, 74.40736823576593, 124.03693675084463]"
2023-08-19 00:37:16,"[100, 200, 300]","[61.405046436107085, 74.62375989162354, 129.35538680530485]"
2023-08-19 00:37:17,"[100, 200, 300]","[63.55350811965228, 80.23048622120966, 136.26422132605475]"
2023-08-19 00:37:18,"[100, 200, 300]","[61.42969739220472, 81.7127182760987, 140.30496414922484]"
2023-08-19 00:37:19,"[100, 200, 300]","[62.986913710147704, 83.79700970689855, 140.28323659265277]"
2023-08-19 00:37:20,"[100, 200, 300]","[60.938231742815816, 82.29200596245033, 146.7183337833586]"
2023-08-19 00:37:21,"[100, 200, 300]","[65.56474288408796, 82.0757834071093, 149.115464272947]"
2023-08-19 00:37:22,"[100, 200, 300]","[69.16372910240077, 82.72751379379658, 151.25439662380816]"
2023-08-19 00:37:23,"[100, 200, 300]","[73.80982951649817, 85.5905277802875, 156.61369186084062]"
2023-08-19 00:37:24,"[100, 200, 300]","[69.11871704537621, 89.66761457187202, 160.1774375612744]"
2023-08-19 00:37:25,"[100, 200, 104.8625361962842]","[76.06692648890272, 90.64884920702504, 160.1774375612744]"
2023-08-19 00:37:26,"[100, 200, 105.50307938157074]","[74.9425501722917, 94.62576558057928, 160.1774375612744]"
2023-08-19 00:37:27,"[100, 200, 110.22445946518381]","[75.89292577158851, 100.17763612906387, 160.1774375612744]"
2023-08-19 00:37:28,"[100, 200, 113.54870061712053]","[74.6694179354716, 103.79582389564543, 160.1774375612744]"
2023-08-19 00:37:29,"[100, 200, 118.1641019187564]","[71.17210719984982, 105.1125852389467, 160.1774375612744]"
2023-08-19 00:37:30,"[100, 200, 119.56788386440873]","[72.66118800811171, 105.04739591433234, 160.1774375612744]"
2023-08-19 00:37:31,"[100, 200, 122.33721004143186]","[74.73133688909174, 107.07175023547133, 160.1774375612744]"
2023-08-19 00:37:32,"[100, 200, 123.70954145454216]","[74.77713869939542, 108.89466121056279, 160.1774375612744]"
2023-08-19 00:37:33,"[100, 200, 129.3856612601666]","[72.08331676592022, 112.07187052105004, 160.1774375612744]"
2023-08-19 00:37:34,"[100, 200, 127.50511817534506]","[73.2143435677814, 113.74379955177226, 160.1774375612744]"
2023-08-19 00:37:35,"[100, 200, 132.96068101212035]","[76.32715225701557, 114.33439336809974, 160.1774375612744]"
2023-08-19 00:37:36,"[100, 200, 135.4507189260753]","[74.73254926407317, 114.97256727891758, 160.1774375612744]"
2023-08-19 00:37:37,"[100, 200, 137.37188648071182]","[75.32420344728747, 117.33279739458428, 160.1774375612744]"
2023-08-19 00:37:38,"[100, 200, 144.6144598676776]","[76.38490219343278, 109.58992402188707, 160.1774375612744]"
2023-08-19 00:37:39,"[100, 200, 147.9113322576707]","[75.71617163920682, 113.19118589658505, 160.1774375612744]"
2023-08-19 00:37:40,"[100, 200, 152.21368647597362]","[73.06274126183243, 115.03969147868935, 160.1774375612744]"
2023-08-19 00:37:41,"[100, 200, 151.91375119873072]","[71.15479467262998, 115.54983664119786, 160.1774375612744]"
2023-08-19 00:37:42,"[100, 200, 156.78762499956994]","[72.28401590402196, 119.774143651923, 160.1774375612744]"
2023-08-19 00:37:43,"[5.531751545560974, 200, 157.49918111188558]","[72.28401590402196, 120.82668601304448, 160.1774375612744]"
2023-08-19 00:37:44,"[2.8134390125820112, 200, 158.5916230991845]","[72.28401590402196, 124.55559687887664, 160.1774375612744]"
2023-08-19 00:37:45,"[-3.9078309305888355, 200, 160.5152345935431]","[72.28401590402196, 126.23914145366048, 160.1774375612744]"
2023-08-19 00:37:46,"[-0.3987887470138092, 200, 163.71279448015764]","[72.28401590402196, 127.1253020796151, 160.1774375612744]"
2023-08-19 00:37:47,"[0.44131873989378056, 200, 166.9022142749944]","[72.28401590402196, 129.8816878934241, 160.1774375612744]"
2023-08-19 00:37:48,"[0.0995335049799595, 200, 163.9008343371165]","[72.28401590402196, 129.14287524359662, 160.1774375612744]"
2023-08-19 00:37:49,"[9.164460028663148, 200, 167.7345335470925]","[72.28401590402196, 133.8048434664304, 160.1774375612744]"
2023-08-19 00:37:50,"[13.392629627603313, 200, 164.16721242479878]","[72.28401590402196, 136.6682290048664, 160.1774375612744]"
2023-08-19 00:37:51,"[11.918228869243931, 200, 170.191584840338]","[72.28401590402196, 137.96084676158426, 160.1774375612744]"
2023-08-19 00:37:52,"[10.465389231388407, 200, 172.51241276552688]","[72.28401590402196, 142.0157531112724, 160.1774375612744]"
2023-08-19 00:37:53,"[10.572169414628599, 200, 173.72533870972762]","[72.28401590402196, 145.44102192112481, 160.1774375612744]"
2023-08-19 00:37:54,"[7.088704582923617, 200, 181.03923174531968]","[72.28401590402196, 145.37380695226665, 160.1774375612744]"
2023-08-19 00:37:55,"[6.304884053232211, 200, 179.66486344416367]","[72.28401590402196, 144.276268534491, 160.1774375612744]"
2023-08-19 00:37:56,"[9.29039006563093, 200, 183.36745240620064]","[72.28401590402196, 147.5021255540756, 160.1774375612744]"
2023-08-19 00:37:57,"[13.008720295629788, 200, 188.77456501358654]","[72.28401590402196, 148.20372740261215, 160.1774375612744]"
2023-08-19 00:37:58,"[18.21260405596773, 200, 195.11469118428357]","[72.28401590402196, 150.16311360974723, 160.1774375612744]"
2023-08-19 00:37:59,"[19.92934758452754, 200, 198.3900272796743]","[72.28401590402196, 156.3451587186447, 160.1774375612744]"
2023-08-19 00:38:00,"[12.941614486591526, 200, 204.8741246692802]","[72.28401590402196, 156.6941596950742, 160.1774375612744]"
2023-08-19 00:38:01,"[20.032049633468915, 200, 208.43795898165226]","[72.28401590402196, 158.54106727579537, 160.1774375612744]"
2023-08-19 00:38:02,"[20.54924315235311, 200, 208.95512049888688]","[72.28401590402196, 158.0092466819845, 160.1774375612744]"
2023-08-19 00:38:03,"[21.110283132081012, 200, 212.73421995851626]","[72.28401590402196, 160.98769195741852, 160.1774375612744]"
2023-08-19 00:38:04,"[23.858059233461656, 200, 215.9278864595271]","[72.28401590402196, 168.02504049103672, 160.1774375612744]"
2023-08-19 00:38:05,"[21.21600687190472, 200, 223.07491381729727]","[72.28401590402196, 169.11605083309308, 160.1774375612744]"
2023-08-19 00:38:06,"[17.992117083693252, 200, 228.95380308509425]","[72.28401590402196, 173.2303006153998, 160.1774375612744]"
2023-08-19 00:38:07,"[17.08646554120215, 200, 230.40619587298843]","[72.28401590402196, 177.32439779414298, 160.1774375612744]"
2023-08-19 00:38:08,"[13.949636021814495, 200, 232.82414937349023]","[72.28401590402196, 178.1820112818108, 160.1774375612744]"
2023-08-19 00:38:09,"[15.905654750384478, 200, 234.806562396919]","[72.28401590402196, 181.06021870655533, 160.1774375612744]"
2023-08-19 00:38:10,"[21.896484976829257, 200, 234.29328302650853]","[72.28401590402196, 180.50841730909266, 160.1774375612744]"
2023-08-19 00:38:11,"[26.663526229297858, 200, 242.12530234673966]","[72.28401590402196, 182.76226353132785, 160.1774375612744]"
2023-08-19 00:38:12,"[32.06677957926051, 200, 247.05831614422763]","[72.28401590402196, 185.0279351181632, 160.1774375612744]"
2023-08-19 00:38:13,"[30.905438309456287, 200, 247.4309048772487]","[72.28401590402196, 187.7370687799683, 160.1774375612744]"
2023-08-19 00:38:14,"[29.151303460137527, 200, 247.31505214441268]","[72.28401590402196, 191.04390939412832, 160.1774375612744]"
2023-08-19 00:38:15,"[32.773591339624495, 200, 251.10910349546376]","[72.28401590402196, 196.11927007807017, 160.1774375612744]"
2023-08-19 00:38:16,"[30.72793206001551, 200, 258.13097792964726]","[72.28401590402196, 194.80392370604753, 160.1774375612744]"
2023-08-19 00:38:17,"[38.74463744858074, 200, 264.99243319495605]","[72.28401590402196, 198.70875163219557, 160.1774375612744]"
2023-08-19 00:38:18,"[37.460381609253886, 200, 270.5687655120537]","[72.28401590402196, 199.41954064388415, 160.1774375612744]"
2023-08-19 00:38:19,"[38.26921420840736, 200, 273.57274166459547]","[72.28401590402196, 200.5533802567195, 160.1774375612744]"
2023-08-19 00:38:20,"[40.21454849896945, 200, 271.54371830030567]","[72.28401590402196, 204.96997875020702, 160.1774375612744]"
2023-08-19 00:38:21,"[41.281241354211254, 200, 275.8451249465875]","[72.28401590402196, 200.7779819991461, 160.1774375612744]"
2023-08-19 00:38:22,"[34.71962873726484, 200, 279.62418208382434]","[72.28401590402196, 204.22338791130667, 160.1774375612744]"
2023-08-19 00:38:23,"[31.337035001723343, 200, 283.97128721898406]","[72.28401590402196, 205.73619569204863, 160.1774375612744]"
2023-08-19 00:38:24,"[28.24109842497392, 200, 289.36506355645963]","[72.28401590402196, 211.37346166183346, 160.1774375612744]"
2023-08-19 00:38:25,"[28.25512031992763, 200, 293.25098885196917]","[72.28401590402196, 209.21843483910646, 160.1774375612744]"
2023-08-19 00:38:26,"[24.03695949101848, 200, 294.08797964453737]","[72.28401590402196, 213.74784341881426, 160.1774375612744]"
2023-08-19 00:38:27,"[29.39054388772825, 200, 291.32780433643563]","[72.28401590402196, 215.74248463649215, 160.1774375612744]"
2023-08-19 00:38:28,"[28.492174319896762, 200, 295.27159005539573]","[72.28401590402196, 217.3949447979612, 160.1774375612744]"
2023-08-19 00:38:29,"[27.30258174872659, 200, 302.7543234914279]","[72.28401590402196, 222.35139355711826, 160.1774375612744]"
2023-08-19 00:38:30,"[33.340672411682775, 102.0722339547312, 300]","[72.28401590402196, 222.35139355711826, 166.80981913417583]"
2023-08-19 00:38:31,"[33.676964271760205, 103.15399496983198, 300]","[72.28401590402196, 222.35139355711826, 165.19831355974983]"
2023-08-19 00:38:32,"[28.564210079784637, 107.4931462044964, 300]","[72.28401590402196, 222.35139355711826, 170.95181345012236]"
2023-08-19 00:38:33,"[26.651843307241354, 111.38676196479558, 300]","[72.28401590402196, 222.35139355711826, 171.1857527313284]"
2023-08-19 00:38:34,"[26.166453708046294, 117.56956304444167, 300]","[72.28401590402196, 222.35139355711826, 175.498890025495]"
2023-08-19 00:38:35,"[27.109757326145566, 119.7669742855903, 300]","[72.28401590402196, 222.35139355711826, 183.07587528270696]"
2023-08-19 00:38:36,"[27.799269617605837, 124.92030200112922, 300]","[72.28401590402196, 222.35139355711826, 183.67684654589797]"
2023-08-19 00:38:37,"[29.573225964224736, 127.320417751587, 300]","[72.28401590402196, 222.35139355711826, 187.6689992648988]"
2023-08-19 00:38:38,"[34.773066294319335, 128.43440866936513, 300]","[72.28401590402196, 222.35139355711826, 192.87043412837667]"
2023-08-19 00:38:39,"[36.79472688324336, 128.46524722943502, 300]","[72.28401590402196, 222.35139355711826, 195.04334534187154]"
2023-08-19 00:38:40,"[31.549359944015112, 134.60402519766782, 300]","[72.28401590402196, 222.35139355711826, 202.19914980947226]"
2023-08-19 00:38:41,"[30.912458220173697, 136.91677105282463, 300]","[72.28401590402196, 222.35139355711826, 206.3476186543097]"
2023-08-19 00:38:42,"[35.987966526629755, 141.86381670722443, 300]","[72.28401590402196, 222.35139355711826, 207.5021915232083]"
2023-08-19 00:38:43,"[38.33177292216019, 140.06360729955387, 300]","[72.28401590402196, 222.35139355711826, 211.00584990786237]"
2023-08-19 00:38:44,"[40.35724795191377, 144.84057210458215, 300]","[72.28401590402196, 222.35139355711826, 218.09383457056902]"
2023-08-19 00:38:45,"[42.0266260443585, 153.27174628696554, 300]","[72.28401590402196, 222.35139355711826, 222.30032062637753]"
2023-08-19 00:38:46,"[42.95237935828622, 151.3995623700847, 300]","[72.28401590402196, 222.35139355711826, 229.09152706957946]"
2023-08-19 00:38:47,"[49.98148249917084, 154.3727840086079, 300]","[72.28401590402196, 222.35139355711826, 238.74086118196809]"
2023-08-19 00:38:48,"[49.98191620925247, 154.60574745905583, 300]","[72.28401590402196, 222.35139355711826, 240.43534480247789]"
2023-08-19 00:38:49,"[51.24937073183311, 153.85880948622835, 300]","[72.28401590402196, 222.35139355711826, 244.06665316032937]"
2023-08-19 00:38:50,"[51.068985709393765, 156.52114907943832, 300]","[72.28401590402196, 222.35139355711826, 245.58366832266157]"
2023-08-19 00:38:51,"[45.7981894369717, 156.33734930196866, 300]","[72.28401590402196, 222.35139355711826, 250.17600874694227]"
2023-08-19 00:38:52,"[48.21371760628678, 155.98094807429885, 300]","[72.28401590402196, 222.35139355711826, 249.4424133441236]"
2023-08-19 00:38:53,"[46.46176732626142, 158.2547476992673, 300]","[72.28401590402196, 222.35139355711826, 252.8399690430725]"
2023-08-19 00:38:54,"[48.55485573156431, 158.3617043867492, 300]","[72.28401590402196, 222.35139355711826, 247.20794970011661]"
2023-08-19 00:38:55,"[49.19440176178173, 161.478967326597, 300]","[72.28401590402196, 222.35139355711826, 246.089187140616]"
2023-08-19 00:38:56,"[55.58879132325421, 163.08040745820423, 300]","[72.28401590402196, 222.35139355711826, 250.8201134198206]"
2023-08-19 00:38:57,"[55.33807995429085, 168.6810981570417, 108.77334366918404]","[72.28401590402196, 222.35139355711826, 250.8201134198206]"
2023-08-19 00:38:58,"[53.12363155841579, 169.32100321630162, 117.24373999433571]","[72.28401590402196, 222.35139355711826, 250.8201134198206]"
2023-08-19 00:38:59,"[54.638876568086545, 172.82963093344577, 124.36106715605236]","[72.28401590402196, 222.35139355711826, 250.8201134198206]"
2023-08-19 00:39:00,"[54.816909932125206, 173.8554171337484, 128.99519525904284]","[72.28401590402196, 222.35139355711826, 250.8201134198206]"
2023-08-19 00:39:01,"[60.8737138772338, 171.67803931095972, 139.29070932297165]","[72.28401590402196, 222.35139355711826, 250.8201134198206]"
2023-08-19 00:39:02,"[61.7529868284542, 176.52806179752517, 147.27565021023534]","[72.28401590402196, 222.35139355711826, 250.8201134198206]"
2023-08-19 00:39:03,"[63.71204695373145, 178.31091548732903, 150.72885507852357]","[72.28401590402196, 222.35139355711826, 250.8201134198206]"
2023-08-19 00:39:04,"[71.90955856364667, 177.34039940714126, 154.00416697219364]","[72.28401590402196, 222.35139355711826, 250.8201134198206]"
2023-08-19 00:39:05,"[70.63232273144527, 182.5068153779844, 156.2261808732304]","[72.28401590402196, 222.35139355711826, 250.8201134198206]"
2023-08-19 00:39:06,"[71.34475900397595, 183.65760770874238, 156.01411388447204]","[72.28401590402196, 222.35139355711826, 250.8201134198206]"
2023-08-19 00:39:07,"[77.69980141872155, 183.16566079626176, 160.022818456709]","[72.28401590402196, 222.35139355711826, 250.8201134198206]"
2023-08-19 00:39:08,"[75.13077646894094, 187.4997974777024, 159.6844278713175]","[72.28401590402196, 222.35139355711826, 250.8201134198206]"
2023-08-19 00:39:09,"[73.46192314455443, 193.21880522840317, 160.66727982124598]","[72.28401590402196, 222.35139355711826, 250.8201134198206]"
2023-08-19 00:39:10,"[68.73951945644902, 199.28479885347082, 165.81910044769847]","[72.28401590402196, 222.35139355711826, 250.8201134198206]"
2023-08-19 00:39:11,"[73.08747447395872, 203.16259266909543, 168.86660688772164]","[72.28401590402196, 222.35139355711826, 250.8201134198206]"
2023-08-19 00:39:12,"[77.46968812882099, 200, 177.91657665414297]","[72.28401590402196, 232.15023787957622, 250.8201134198206]"
2023-08-19 00:39:13,"[75.03918489459906, 200, 182.40981345713652]","[72.28401590402196, 233.43140071375245, 250.8201134198206]"
2023-08-19 00:39:14,"[76.0103819834734, 200, 186.53358250189672]","[72.28401590402196, 230.94065462258254, 250.8201134198206]"
2023-08-19 00:39:15,"[79.77244735188282, 200, 190.45805279342798]","[72.28401590402196, 234.33068327906167, 250.8201134198206]"
2023-08-19 00:39:16,"[80.20994075767526, 200, 194.23876784423877]","[72.28401590402196, 239.03269602559564, 250.8201134198206]"
2023-08-19 00:39:17,"[77.94693551442857, 200, 194.5341501888501]","[72.28401590402196, 241.707724976142, 250.8201134198206]"
2023-08-19 00:39:18,"[82.9607023395107, 200, 196.11781406166145]","[72.28401590402196, 243.95082550308032, 250.8201134198206]"
2023-08-19 00:39:19,"[82.03065205914432, 200, 196.92718261036387]","[72.28401590402196, 249.30404358750286, 250.8201134198206]"
2023-08-19 00:39:20,"[80.52735645858999, 200, 201.83085424801237]","[72.28401590402196, 248.06919229462306, 250.8201134198206]"
2023-08-19 00:39:21,"[88.23862857120105, 200, 203.71309830733728]","[72.28401590402196, 250.41360020249965, 250.8201134198206]"
2023-08-19 00:39:22,"[83.55389896404613, 200, 211.02973034845553]","[72.28401590402196, 246.7795196929152, 250.8201134198206]"
2023-08-19 00:39:23,"[81.95650078791223, 200, 210.87345116489348]","[72.28401590402196, 250.27299964610216, 250.8201134198206]"
2023-08-19 00:39:24,"[83.18798940422637, 200, 210.43344840981166]","[72.28401590402196, 258.81303039798007, 250.8201134198206]"
2023-08-19 00:39:25,"[84.35525244478066, 200, 214.40100357170766]","[72.28401590402196, 263.1898034892878, 250.8201134198206]"
2023-08-19 00:39:26,"[80.12149640908527, 200, 219.75172194174158]","[72.28401590402196, 269.53361285224474, 250.8201134198206]"
2023-08-19 00:39:27,"[85.05034330368345, 200, 225.05434784682092]","[72.28401590402196, 269.58882246119134, 250.8201134198206]"
2023-08-19 00:39:28,"[88.1476720220216, 200, 225.37083187761854]","[72.28401590402196, 270.2642367229389, 250.8201134198206]"
2023-08-19 00:39:29,"[88.51494159561736, 200, 232.99457738555836]","[72.28401590402196, 277.29868011022245, 250.8201134198206]"
2023-08-19 00:39:30,"[88.2685990706982, 200, 232.84415478943384]","[72.28401590402196, 283.9882443092447, 250.8201134198206]"
2023-08-19 00:39:31,"[94.35733110733504, 200, 231.83612659401814]","[72.28401590402196, 286.06760667733664, 250.8201134198206]"
2023-08-19 00:39:32,"[94.67051644201715, 200, 237.518857810013]","[72.28401590402196, 289.9740550195122, 250.8201134198206]"
2023-08-19 00:39:33,"[97.0812357543534, 200, 241.32487806302055]","[72.28401590402196, 292.27406093267746, 250.8201134198206]"
2023-08-19 00:39:34,"[95.22077664189943, 200, 243.70432618850646]","[72.28401590402196, 294.42558896761733, 250.8201134198206]"
2023-08-19 00:39:35,"[93.65256552272767, 200, 247.62173776017192]","[72.28401590402196, 296.1381354142401, 250.8201134198206]"
2023-08-19 00:39:36,"[97.21094690923627, 200, 255.55351626137994]","[72.28401590402196, 301.8433879913137, 250.8201134198206]"
2023-08-19 00:39:37,"[97.11921079558377, 200, 256.6484581170847]","[72.28401590402196, 308.27345629733856, 250.8201134198206]"
2023-08-19 00:39:38,"[96.57077337908481, 200, 266.6215662364973]","[72.28401590402196, 312.05947673581625, 250.8201134198206]"
2023-08-19 00:39:39,"[96.0167763129577, 200, 269.2518691200915]","[72.28401590402196, 308.7051434256748, 250.8201134198206]"
2023-08-19 00:39:40,"[95.6327510430511, 200, 272.50160164094996]","[72.28401590402196, 307.90789299404196, 250.8201134198206]"
2023-08-19 00:39:41,"[99.0496483024875, 200, 272.5288158299305]","[72.28401590402196, 309.43343885625677, 250.8201134198206]"
2023-08-19 00:39:42,"[102.26117352161559, 200, 275.6610754971088]","[72.28401590402196, 315.83927060343905, 250.8201134198206]"
2023-08-19 00:39:43,"[100, 200, 275.86040787204286]","[76.27176717547702, 319.27471360350035, 250.8201134198206]"
2023-08-19 00:39:44,"[100, 200, 275.46780503364954]","[77.3308781647463, 327.8842161358974, 250.8201134198206]"
2023-08-19 00:39:45,"[100, 200, 276.22975521380437]","[77.62299009685626, 330.95753600955805, 250.8201134198206]"
2023-08-19 00:39:46,"[100, 200, 284.10133578685947]","[81.35438117676154, 331.0565186279944, 250.8201134198206]"
2023-08-19 00:39:47,"[100, 200, 287.1320103447087]","[85.01168535645284, 336.6108041696629, 250.8201134198206]"
2023-08-19 00:39:48,"[100, 200, 297.09606731411486]","[84.94772317594138, 340.0883643679837, 250.8201134198206]"
2023-08-19 00:39:49,"[100, 200, 300.2769808604323]","[90.18764546559571, 345.45246630531256, 250.8201134198206]"
2023-08-19 00:39:50,"[100, 200, 300]","[93.3679293614581, 348.9565388191993, 264.21117521687654]"
2023-08-19 00:39:51,"[100, 200, 300]","[94.03529232880999, 350.94496629868127, 264.8742322026694]"
2023-08-19 00:39:52,"[100, 200, 300]","[93.57630474403989, 351.1444536945408, 266.89476937214533]"
2023-08-19 00:39:53,"[100, 200, 300]","[89.20531308614324, 347.02426932445985, 272.19647408315325]"
2023-08-19 00:39:54,"[100, 200, 300]","[92.47138676842603, 349.9012098916299, 274.708182121851]"
2023-08-19 00:39:55,"[100, 200, 300]","[93.21912470847117, 354.4062431901397, 280.80352284649314]"
2023-08-19 00:39:56,"[100, 200, 300]","[90.03073765618805, 358.5907086961282, 284.80621700881835]"
2023-08-19 00:39:57,"[100, 200, 300]","[92.72709215336216, 363.2303537078247, 290.33947551412734]"
2023-08-19 00:39:58,"[100, 200, 300]","[100.31459837158282, 364.56120800851403, 295.0839975988849]"
2023-08-19 00:39:59,"[100, 200, 300]","[103.01125538526915, 368.6641925824478, 297.1371268125797]"
2023-08-19 00:40:00,"[100, 200, 300]","[102.34203706180223, 371.6059880392714, 298.94032837890677]"
2023-08-19 00:40:01,"[1.1918432972014736, 200, 300]","[102.34203706180223, 376.6172988296731, 302.0060896622427]"
2023-08-19 00:40:02,"[6.051353432457554, 200, 300]","[102.34203706180223, 378.322206070194, 305.5466020786982]"
2023-08-19 00:40:03,"[10.544999328095326, 200, 300]","[102.34203706180223, 381.1161225153929, 316.0341831780555]"
2023-08-19 00:40:04,"[8.634254363328411, 200, 300]","[102.34203706180223, 381.92136818377355, 313.1097197456269]"
2023-08-19 00:40:05,"[5.451901215452688, 200, 300]","[102.34203706180223, 382.0360587895441, 313.57659262997487]"
2023-08-19 00:40:06,"[8.874899146052817, 200, 300]","[102.34203706180223, 388.0664013261197, 314.83645937504303]"
2023-08-19 00:40:07,"[6.968858395046885, 200, 300]","[102.34203706180223, 391.60190469027185, 311.88345167790453]"
2023-08-19 00:40:08,"[9.69323130973182, 200, 300]","[102.34203706180223, 402.04536409730395, 312.5411199560552]"
2023-08-19 00:40:09,"[8.418807576296373, 200, 300]","[102.34203706180223, 406.776939113847, 316.67680782467824]"
2023-08-19 00:40:10,"[7.647380763181248, 200, 300]","[102.34203706180223, 405.9860003097216, 318.8826384403367]"
2023-08-19 00:40:11,"[12.289912157302272, 200, 300]","[102.34203706180223, 407.9049961628008, 326.68261352913686]"
2023-08-19 00:40:12,"[16.144190646133644, 200, 300]","[102.34203706180223, 411.12343507808407, 335.03533068309764]"
2023-08-19 00:40:13,"[13.487813328764823, 200, 300]","[102.34203706180223, 412.48713244600333, 339.93987361917607]"
2023-08-19 00:40:14,"[9.623672567032077, 200, 300]","[102.34203706180223, 408.5972797522278, 349.6545688540752]"
2023-08-19 00:40:15,"[12.882374428193087, 200, 300]","[102.34203706180223, 410.98504536330836, 345.8194821157656]"
2023-08-19 00:40:16,"[13.758481610869708, 200, 300]","[102.34203706180223, 412.7126389923136, 348.6014675392362]"
2023-08-19 00:40:17,"[20.82834896007609, 200, 300]","[102.34203706180223, 415.2183947718735, 352.30746557944457]"
2023-08-19 00:40:18,"[20.784426028061183, 200, 300]","[102.34203706180223, 416.49508636236266, 352.7376828054987]"
2023-08-19 00:40:19,"[19.798390798995772, 200, 300]","[102.34203706180223, 422.2991208897645, 351.7454599957607]"
2023-08-19 00:40:20,"[17.18913491483694, 200, 300]","[102.34203706180223, 420.73108185738585, 352.0495397215921]"
2023-08-19 00:40:21,"[18.417490495330515, 200, 300]","[102.34203706180223, 422.70357100637926, 356.27649580869235]"
2023-08-19 00:40:22,"[16.204741056639048, 200, 300]","[102.34203706180223, 424.00451704823615, 364.53335618080695]"
2023-08-19 00:40:23,"[14.396941151115973, 200, 300]","[102.34203706180223, 422.1020182278492, 367.96122484554076]"
2023-08-19 00:40:25,"[16.09078284847629, 200, 300]","[102.34203706180223, 421.77467262081285, 374.1055246151801]"
2023-08-19 00:40:26,"[19.5321701081782, 200, 300]","[102.34203706180223, 423.6119635321554, 377.380359830878]"
2023-08-19 00:40:27,"[19.49923662991777, 200, 300]","[102.34203706180223, 424.4876711867874, 374.9238542704131]"
2023-08-19 00:40:28,"[22.67455526981272, 200, 300]","[102.34203706180223, 424.9246513137035, 379.7883289969269]"
2023-08-19 00:40:29,"[26.363852343213548, 200, 300]","[102.34203706180223, 425.7682393203489, 383.05639463022914]"
2023-08-19 00:40:30,"[27.226280919523646, 200, 300]","[102.34203706180223, 428.53618943442655, 386.0288976118929]"
2023-08-19 00:40:31,"[26.44536875225483, 200, 300]","[102.34203706180223, 428.92008753637987, 389.9818697947336]"
2023-08-19 00:40:32,"[28.83305094279265, 1.027683983192072, 300]","[102.34203706180223, 428.92008753637987, 389.6055050800764]"
2023-08-19 00:40:33,"[33.049059840909145, 6.145482952523788, 300]","[102.34203706180223, 428.92008753637987, 387.60276056091124]"
2023-08-19 00:40:34,"[36.885880234235074, 6.035670702653988, 300]","[102.34203706180223, 428.92008753637987, 390.39197271894415]"
2023-08-19 00:40:35,"[35.52915211426715, 7.444459993648303, 300]","[102.34203706180223, 428.92008753637987, 388.46366177282897]"
2023-08-19 00:40:36,"[40.64463564283075, 14.923782973915921, 300]","[102.34203706180223, 428.92008753637987, 388.27943502709803]"
2023-08-19 00:40:37,"[44.57371539449707, 18.19402417562217, 300]","[102.34203706180223, 428.92008753637987, 388.6091829180254]"
2023-08-19 00:40:38,"[43.56521817444548, 26.68249965291968, 300]","[102.34203706180223, 428.92008753637987, 389.13267731056146]"
2023-08-19 00:40:39,"[49.037021042093684, 25.433628015027914, 300]","[102.34203706180223, 428.92008753637987, 389.59407486009474]"
2023-08-19 00:40:40,"[55.41583017166485, 26.742897562953218, 300]","[102.34203706180223, 428.92008753637987, 391.3167473990627]"
2023-08-19 00:40:41,"[56.7464880062813, 24.565538208184776, 300]","[102.34203706180223, 428.92008753637987, 395.2583646451449]"
2023-08-19 00:40:42,"[60.83035046346687, 26.414368897423717, 300]","[102.34203706180223, 428.92008753637987, 402.87724060269517]"
2023-08-19 00:40:43,"[64.91973376042549, 30.79324779146138, 300]","[102.34203706180223, 428.92008753637987, 402.66179234821345]"
2023-08-19 00:40:44,"[64.35453394318131, 32.73760855157302, 300]","[102.34203706180223, 428.92008753637987, 407.09333524710786]"
2023-08-19 00:40:45,"[65.43159868306253, 35.03471518950679, 300]","[102.34203706180223, 428.92008753637987, 411.802965940873]"
2023-08-19 00:40:46,"[64.83569840567291, 35.11221610574308, 300]","[102.34203706180223, 428.92008753637987, 417.1207925989827]"
2023-08-19 00:40:47,"[64.32802635056498, 40.481281440429534, 300]","[102.34203706180223, 428.92008753637987, 419.8691964483974]"
2023-08-19 00:40:48,"[65.6728148908886, 39.30527902454398, 300]","[102.34203706180223, 428.92008753637987, 421.24030858845657]"
2023-08-19 00:40:49,"[62.17789180531307, 41.67961955903493, 206.72445548768968]","[102.34203706180223, 428.92008753637987, 421.24030858845657]"
2023-08-19 00:40:50,"[64.38952281013852, 44.806799761220326, 209.61385808505636]","[102.34203706180223, 428.92008753637987, 421.24030858845657]"
2023-08-19 00:40:51,"[66.94102702710146, 44.14468308644722, 212.46275856485724]","[102.34203706180223, 428.92008753637987, 421.24030858845657]"
2023-08-19 00:40:52,"[71.86809250421432, 45.99814001199256, 216.0542476455573]","[102.34203706180223, 428.92008753637987, 421.24030858845657]"
2023-08-19 00:40:53,"[73.22746782147445, 46.79233086633215, 215.4600201136162]","[102.34203706180223, 428.92008753637987, 421.24030858845657]"
2023-08-19 00:40:54,"[70.52673344121389, 45.21084480715129, 221.2518297444217]","[102.34203706180223, 428.92008753637987, 421.24030858845657]"
2023-08-19 00:40:55,"[69.50936272709082, 45.02332650789995, 228.90236985866522]","[102.34203706180223, 428.92008753637987, 421.24030858845657]"
2023-08-19 00:40:56,"[70.83154197486398, 51.83859561912361, 234.56028178424]","[102.34203706180223, 428.92008753637987, 421.24030858845657]"
2023-08-19 00:40:57,"[70.76198157938849, 48.955455221353745, 236.28737152965135]","[102.34203706180223, 428.92008753637987, 421.24030858845657]"
2023-08-19 00:40:58,"[75.58300250637208, 54.692295811990505, 239.10739433072968]","[102.34203706180223, 428.92008753637987, 421.24030858845657]"
2023-08-19 00:40:59,"[80.1219172638075, 53.79192886319589, 241.34152675991723]","[102.34203706180223, 428.92008753637987, 421.24030858845657]"
2023-08-19 00:41:00,"[77.52343409628921, 54.12456361490244, 243.0920617255052]","[102.34203706180223, 428.92008753637987, 421.24030858845657]"
2023-08-19 00:41:01,"[79.72676440109751, 52.80750432799765, 239.84706026424135]","[102.34203706180223, 428.92008753637987, 421.24030858845657]"
2023-08-19 00:41:02,"[80.2890350954558, 48.29991007404138, 248.82783410323702]","[102.34203706180223, 428.92008753637987, 421.24030858845657]"
2023-08-19 00:41:03,"[84.93359332583886, 50.01110525606834, 253.51040514012647]","[102.34203706180223, 428.92008753637987, 421.24030858845657]"
2023-08-19 00:41:04,"[84.64009669351185, 52.858082965647725, 257.8074480240141]","[102.34203706180223, 428.92008753637987, 421.24030858845657]"
2023-08-19 00:41:05,"[82.65023180123585, 59.54352052616668, 263.3552859384217]","[102.34203706180223, 428.92008753637987, 421.24030858845657]"
2023-08-19 00:41:06,"[85.91670690493787, 61.97456148777765, 267.8927836574371]","[102.34203706180223, 428.92008753637987, 421.24030858845657]"
2023-08-19 00:41:07,"[87.80473337593575, 68.69829249007296, 271.41074425196905]","[102.34203706180223, 428.92008753637987, 421.24030858845657]"
2023-08-19 00:41:08,"[88.49351439704316, 72.96246281648438, 278.5134466627695]","[102.34203706180223, 428.92008753637987, 421.24030858845657]"
2023-08-19 00:41:09,"[90.4137894406864, 74.93210345675989, 289.10130410696297]","[102.34203706180223, 428.92008753637987, 421.24030858845657]"
2023-08-19 00:41:10,"[87.92339911632142, 79.64542417891006, 291.796962139858]","[102.34203706180223, 428.92008753637987, 421.24030858845657]"
2023-08-19 00:41:11,"[89.11622796745776, 78.886845232681, 293.88494655760474]","[102.34203706180223, 428.92008753637987, 421.24030858845657]"
2023-08-19 00:41:12,"[91.18780840325664, 76.92215245994541, 297.5855438024332]","[102.34203706180223, 428.92008753637987, 421.24030858845657]"
2023-08-19 00:41:13,"[95.25149529097203, 83.50143454892215, 304.3133535972006]","[102.34203706180223, 428.92008753637987, 421.24030858845657]"
2023-08-19 00:41:14,"[99.29325736010212, 85.22132466240302, 300]","[102.34203706180223, 428.92008753637987, 421.9872886501335]"
2023-08-19 00:41:15,"[100.63404539483363, 88.1618006752324, 300]","[102.34203706180223, 428.92008753637987, 425.4411102157568]"
2023-08-19 00:41:16,"[100, 95.55174172395215, 300]","[98.42706552739685, 428.92008753637987, 427.87713178506726]"
2023-08-19 00:41:17,"[100, 98.86053799091293, 300]","[97.83168703265434, 428.92008753637987, 429.6133924706318]"
2023-08-19 00:41:18,"[100, 95.18019239633193, 300]","[101.02365756243516, 428.92008753637987, 433.03060457472304]"
2023-08-19 00:41:19,"[100, 97.96751648669104, 300]","[102.40145842710194, 428.92008753637987, 434.5393875226759]"
2023-08-19 00:41:20,"[100, 96.3300286699176, 300]","[99.04542755389977, 428.92008753637987, 438.7369879055035]"
2023-08-19 00:41:21,"[100, 96.96683363214952, 300]","[100.40998155857216, 428.92008753637987, 444.386386587516]"
2023-08-19 00:41:22,"[100, 100.05897078825056, 300]","[102.66100430968811, 428.92008753637987, 449.0456762043234]"
2023-08-19 00:41:23,"[100, 101.9849460201556, 300]","[106.24243276212968, 428.92008753637987, 452.7192669730483]"
2023-08-19 00:41:24,"[100, 106.68886455440837, 300]","[108.99058483379797, 428.92008753637987, 460.0808999371654]"
2023-08-19 00:41:25,"[100, 111.38558697555717, 300]","[113.88389169635754, 428.92008753637987, 465.3527882451208]"
2023-08-19 00:41:26,"[100, 113.84294846062532, 300]","[111.94259202574894, 428.92008753637987, 467.0540936630997]"
2023-08-19 00:41:27,"[100, 118.3235641476813, 300]","[108.96677606895274, 428.92008753637987, 473.86697847119626]"
2023-08-19 00:41:28,"[100, 123.37515851331564, 300]","[107.72742904412435, 428.92008753637987, 473.296375503582]"
2023-08-19 00:41:29,"[100, 123.59693860499966, 300]","[108.0705015904867, 428.92008753637987, 470.4937006021686]"
2023-08-19 00:41:30,"[100, 125.40867885235608, 300]","[107.79066665747594, 428.92008753637987, 471.55510614475656]"
2023-08-19 00:41:31,"[100, 128.55212687178724, 300]","[107.64466851869913, 428.92008753637987, 475.89284951005277]"
2023-08-19 00:41:32,"[100, 133.56144807930852, 300]","[110.47974663202388, 428.92008753637987, 473.1501203034562]"
2023-08-19 00:41:33,"[100, 135.97223789426235, 300]","[116.7091686074313, 428.92008753637987, 479.25567262391314]"
2023-08-19 00:41:34,"[100, 136.8917418423938, 300]","[114.78625816296389, 428.92008753637987, 480.5001254392395]"
2023-08-19 00:41:35,"[100, 136.98492024338623, 300]","[118.93842889758233, 428.92008753637987, 482.1019557414917]"
2023-08-19 00:41:36,"[100, 137.09436318861782, 300]","[114.91184110326593, 428.92008753637987, 485.3361613497198]"
2023-08-19 00:41:37,"[100, 138.83370737131602, 300]","[113.63686208679384, 428.92008753637987, 488.13801913564765]"
2023-08-19 00:41:38,"[100, 137.4194547032495, 300]","[110.13683539121632, 428.92008753637987, 489.7262721642799]"
2023-08-19 00:41:39,"[100, 136.82745233100536, 300]","[110.80043920974217, 428.92008753637987, 495.33055515707883]"
2023-08-19 00:41:40,"[100, 136.44761797569518, 300]","[110.22779334429771, 428.92008753637987, 499.83296426840695]"
2023-08-19 00:41:41,"[100, 137.964445021273, 300]","[112.12275611014238, 428.92008753637987, 503.755863025729]"
2023-08-19 00:41:42,"[100, 142.02920242922917, 300]","[115.36213426059473, 428.92008753637987, 503.8106115949863]"
2023-08-19 00:41:43,"[100, 140.75608560689878, 300]","[115.3732249035529, 428.92008753637987, 505.917975038511]"
2023-08-19 00:41:44,"[100, 142.17539927895209, 300]","[117.56866749071008, 428.92008753637987, 507.4569262438343]"
2023-08-19 00:41:45,"[100, 140.8842455792088, 300]","[117.5584947785336, 428.92008753637987, 508.6130433747587]"
2023-08-19 00:41:46,"[100, 144.4569322700496, 300]","[121.77930132907706, 428.92008753637987, 513.6465261812887]"
2023-08-19 00:41:47,"[100, 146.2702018823662, 300]","[124.89916175528293, 428.92008753637987, 520.2092299981838]"
2023-08-19 00:41:48,"[100, 146.97929268137077, 300]","[130.53736342701953, 428.92008753637987, 521.8611220206645]"
2023-08-19 00:41:49,"[100, 148.34192903431125, 300]","[126.9357825665356, 428.92008753637987, 521.213047320059]"
2023-08-19 00:41:50,"[100, 150.8491641170536, 300]","[127.97729580694704, 428.92008753637987, 529.0313110382989]"
2023-08-19 00:41:51,"[100, 149.63229258933137, 300]","[128.53880371734124, 428.92008753637987, 534.5589090900951]"
2023-08-19 00:41:52,"[100, 145.52704090084714, 300]","[131.59488007541276, 428.92008753637987, 540.4218418580735]"
2023-08-19 00:41:53,"[100, 149.43122533811183, 300]","[128.83972773886143, 428.92008753637987, 542.4856766572974]"
2023-08-19 00:41:54,"[100, 154.96779134256246, 300]","[132.12695767770379, 428.92008753637987, 541.4852493399562]"
2023-08-19 00:41:55,"[100, 157.00729917902686, 300]","[131.99807817251983, 428.92008753637987, 546.3614667057591]"
2023-08-19 00:41:56,"[100, 159.2765819666196, 300]","[135.716431381463, 428.92008753637987, 550.1310549092697]"
2023-08-19 00:41:57,"[100, 160.46056844205575, 300]","[137.74718783366862, 428.92008753637987, 556.4543381624782]"
2023-08-19 00:41:58,"[100, 165.56795271860258, 300]","[134.1358221473976, 428.92008753637987, 556.5786562560552]"
2023-08-19 00:41:59,"[100, 170.46235730870472, 300]","[135.5467643394256, 428.92008753637987, 560.3732745522881]"
2023-08-19 00:42:00,"[100, 170.0112513277724, 300]","[138.5250349568469, 428.92008753637987, 562.8365333000519]"
2023-08-19 00:42:01,"[100, 170.4978036585911, 300]","[141.87489687724442, 428.92008753637987, 565.306552435374]"
2023-08-19 00:42:02,"[100, 173.9772149346234, 300]","[140.56195731294116, 428.92008753637987, 568.8542506602557]"
2023-08-19 00:42:03,"[100, 171.8426686788537, 300]","[144.26291937197442, 428.92008753637987, 570.3103726625825]"
2023-08-19 00:42:04,"[100, 173.02351554564063, 300]","[151.1780714008325, 428.92008753637987, 576.725266969421]"
2023-08-19 00:42:05,"[10.99420837266634, 176.2090355138333, 300]","[151.1780714008325, 428.92008753637987, 575.9005301331954]"
2023-08-19 00:42:06,"[11.749410373130974, 180.24252827915734, 300]","[151.1780714008325, 428.92008753637987, 577.4466497331078]"
2023-08-19 00:42:07,"[12.725900589840325, 181.07973313111785, 300]","[151.1780714008325, 428.92008753637987, 578.6009432007668]"
2023-08-19 00:42:08,"[16.13878449946682, 185.42812073554427, 300]","[151.1780714008325, 428.92008753637987, 581.9997132050183]"
2023-08-19 00:42:09,"[18.84464987800389, 188.23575014341685, 300]","[151.1780714008325, 428.92008753637987, 578.7427066969336]"
2023-08-19 00:42:10,"[16.609544609553655, 188.416063771264, 300]","[151.1780714008325, 428.92008753637987, 583.3404157856222]"
2023-08-19 00:42:11,"[17.243482549767766, 186.62497763162494, 300]","[151.1780714008325, 428.92008753637987, 588.4590700423656]"
2023-08-19 00:42:12,"[18.750713194644202, 189.04659378960065, 300]","[151.1780714008325, 428.92008753637987, 596.9542914853129]"
2023-08-19 00:42:13,"[16.89161908685455, 189.84753941949128, 300]","[151.1780714008325, 428.92008753637987, 594.9789137416658]"
2023-08-19 00:42:14,"[24.35846987011689, 191.76069576423535, 300]","[151.1780714008325, 428.92008753637987, 598.8472919490605]"
2023-08-19 00:42:15,"[31.344884546346822, 190.26709506611468, 300]","[151.1780714008325, 428.92008753637987, 603.1129109075767]"
2023-08-19 00:42:16,"[35.2918979517556, 192.28660916430678, 300]","[151.1780714008325, 428.92008753637987, 604.5961306985735]"
2023-08-19 00:42:17,"[36.33745011191344, 194.97151725390208, 300]","[151.1780714008325, 428.92008753637987, 609.1878085245423]"
2023-08-19 00:42:18,"[41.023816519275506, 197.34851353781693, 300]","[151.1780714008325, 428.92008753637987, 611.4393757169317]"
2023-08-19 00:42:19,"[39.83874177333749, 193.01384602059898, 300]","[151.1780714008325, 428.92008753637987, 610.4579672071875]"
