2023-08-22 19:01:49,"[1, 2.901566294035259, 3.5795031505309867]","[0, 0, 0]"
2023-08-22 19:01:50,"[2, 4.18555538692342, 7.375882897382795]","[0, 0, 0]"
2023-08-22 19:01:51,"[3, 6.231632378721886, 12.017342155500405]","[0, 0, 0]"
2023-08-22 19:01:52,"[4, 9.323591058470068, 17.751625843702616]","[0, 0, 0]"
2023-08-22 19:01:53,"[5, 11.775145281381693, 23.016389483454223]","[0, 0, 0]"
2023-08-22 19:01:54,"[6, 12.78649746229862, 28.917325761590057]","[0, 0, 0]"
2023-08-22 19:01:55,"[7, 14.353736381719388, 35.117659783554735]","[0, 0, 0]"
2023-08-22 19:01:56,"[8, 16.47160418377535, 40.49684783796591]","[0, 0, 0]"
2023-08-22 19:01:57,"[9, 16.938611203439553, 46.658054076630904]","[0, 0, 0]"
2023-08-22 19:01:58,"[10, 19.170345655106306, 52.32607642746476]","[0, 0, 0]"
2023-08-22 19:01:59,"[11, 20.021923845510273, 58.87389988178292]","[0, 0, 0]"
2023-08-22 19:02:00,"[12, 20.86236690220822, 66.74930335005907]","[0, 0, 0]"
2023-08-22 19:02:01,"[13, 22.46453363851519, 73.84866753171167]","[0, 0, 0]"
2023-08-22 19:02:02,"[14, 24.673010937322445, 80.58997312573896]","[0, 0, 0]"
2023-08-22 19:02:03,"[15, 27.045857587947424, 87.5417877946399]","[0, 0, 0]"
2023-08-22 19:02:04,"[16, 27.52977672247618, 93.37751224762964]","[0, 0, 0]"
2023-08-22 19:02:05,"[17, 29.759337484207684, 98.54229794082923]","[0, 0, 0]"
2023-08-22 19:02:06,"[18, 31.881772872079964, 105.16536793139049]","[0, 0, 0]"
2023-08-22 19:02:07,"[19, 33.88676782573717, 111.65584037166735]","[0, 0, 0]"
2023-08-22 19:02:08,"[20, 36.78700674633708, 119.01622891730386]","[0, 0, 0]"
2023-08-22 19:02:09,"[21, 39.610753237815004, 126.59451079568251]","[0, 0, 0]"
2023-08-22 19:02:10,"[22, 40.758528021838465, 133.7183302429902]","[0, 0, 0]"
2023-08-22 19:02:11,"[23, 42.98806358974965, 139.9292062286364]","[0, 0, 0]"
2023-08-22 19:02:12,"[24, 43.87437192002339, 145.04039996766437]","[0, 0, 0]"
2023-08-22 19:02:13,"[25, 45.431201168119266, 151.04316375980855]","[0, 0, 0]"
2023-08-22 19:02:14,"[26, 48.36116843265707, 156.77028435483263]","[0, 0, 0]"
2023-08-22 19:02:15,"[27, 50.96751492855992, 160.55022229941738]","[0, 0, 0]"
2023-08-22 19:02:16,"[28, 51.70341561554608, 165.69995844214228]","[0, 0, 0]"
2023-08-22 19:02:17,"[29, 54.6574256312853, 171.94069180011763]","[0, 0, 0]"
2023-08-22 19:02:18,"[30, 57.11788972688659, 179.48805799980028]","[0, 0, 0]"
2023-08-22 19:02:19,"[31, 58.30951520744944, 186.68067307177193]","[0, 0, 0]"
2023-08-22 19:02:20,"[32, 61.436237153838306, 195.56484193172872]","[0, 0, 0]"
2023-08-22 19:02:21,"[33, 63.88785354870028, 205.02127712492526]","[0, 0, 0]"
2023-08-22 19:02:22,"[34, 67.87813627171593, 212.59523294488739]","[0, 0, 0]"
2023-08-22 19:02:23,"[35, 68.92633393269095, 220.24823150843457]","[0, 0, 0]"
2023-08-22 19:02:24,"[36, 71.27450610441889, 227.19833210427046]","[0, 0, 0]"
2023-08-22 19:02:25,"[37, 71.8612449391508, 234.92862903541695]","[0, 0, 0]"
2023-08-22 19:02:26,"[38, 73.93455788442117, 244.0272452307945]","[0, 0, 0]"
2023-08-22 19:02:27,"[39, 76.68864848832399, 252.23971330469274]","[0, 0, 0]"
2023-08-22 19:02:28,"[40, 77.64142609935998, 260.67776922111267]","[0, 0, 0]"
2023-08-22 19:02:29,"[41, 79.96896869806382, 269.44888160893004]","[0, 0, 0]"
2023-08-22 19:02:30,"[42, 83.05950182220849, 278.61742874413113]","[0, 0, 0]"
2023-08-22 19:02:31,"[43, 85.23368518940708, 288.2958717240354]","[0, 0, 0]"
2023-08-22 19:02:32,"[44, 86.98264130691489, 297.44283932253245]","[0, 0, 0]"
2023-08-22 19:02:33,"[45, 88.82036895077776, 300.0]","[0, 0, 6.985642628179562]"
2023-08-22 19:02:34,"[46, 91.22146535769963, 300.0]","[0, 0, 16.79564016470613]"
2023-08-22 19:02:35,"[47, 94.1525316205242, 300.0]","[0, 0, 26.53926582411998]"
2023-08-22 19:02:36,"[48, 94.83956727618713, 300.0]","[0, 0, 37.03803978485729]"
2023-08-22 19:02:37,"[49, 97.18069920607972, 300.0]","[0, 0, 47.28794806133578]"
2023-08-22 19:02:38,"[50, 100.53672974016972, 300.0]","[0, 0, 56.168072477325666]"
2023-08-22 19:02:39,"[51, 102.87688616702665, 300.0]","[0, 0, 64.5195910638887]"
2023-08-22 19:02:40,"[52, 105.555579411679, 300.0]","[0, 0, 73.39425598754298]"
2023-08-22 19:02:41,"[53, 107.5502479591349, 300.0]","[0, 0, 82.84416353110271]"
2023-08-22 19:02:42,"[54, 110.2273216686858, 300.0]","[0, 0, 93.37253893681543]"
2023-08-22 19:02:43,"[55, 113.35380526013533, 300.0]","[0, 0, 104.28510854058715]"
2023-08-22 19:02:44,"[56, 114.40951659525363, 300.0]","[0, 0, 113.75100446990365]"
2023-08-22 19:02:45,"[57, 116.7427912802631, 300.0]","[0, 0, 123.66280140344918]"
2023-08-22 19:02:46,"[58, 119.85774401537716, 300.0]","[0, 0, 133.04789015532276]"
2023-08-22 19:02:47,"[59, 122.6413357007579, 300.0]","[0, 0, 143.9130983976483]"
2023-08-22 19:02:48,"[60, 126.29685169206789, 300.0]","[0, 0, 152.57267910356626]"
2023-08-22 19:02:49,"[61, 128.96784430814455, 300.0]","[0, 0, 161.6266581302305]"
2023-08-22 19:02:50,"[62, 131.0670436214586, 300.0]","[0, 0, 172.7648639601506]"
2023-08-22 19:02:51,"[63, 132.46712002404945, 300.0]","[0, 0, 184.06104017166223]"
2023-08-22 19:02:52,"[64, 137.0944959803516, 300.0]","[0, 0, 195.06624160163273]"
2023-08-22 19:02:53,"[65, 139.20965403685986, 300.0]","[0, 0, 205.9749993039208]"
2023-08-22 19:02:54,"[66, 141.17695280599384, 300.0]","[0, 0, 216.7150588794605]"
2023-08-22 19:02:55,"[67, 143.76285523492572, 300.0]","[0, 0, 227.49612358069334]"
2023-08-22 19:02:56,"[68, 144.88867418042568, 300.0]","[0, 0, 237.7644359784286]"
2023-08-22 19:02:57,"[69, 147.6507435214397, 300.0]","[0, 0, 248.7254250183247]"
2023-08-22 19:02:58,"[70, 147.6507435214397, 300.0]","[0, 0, 260.1321308345627]"
2023-08-22 19:02:59,"[71, 150.94118723219057, 300.0]","[0, 0, 271.7561308401402]"
2023-08-22 19:03:00,"[72, 152.9487800107819, 300.0]","[0, 0, 281.5117546877427]"
2023-08-22 19:03:01,"[73, 155.310299429426, 300.0]","[0, 0, 292.84913757305526]"
2023-08-22 19:03:02,"[74, 157.1205144286794, 300.0]","[0, 0, 304.48024891719854]"
2023-08-22 19:03:03,"[75, 159.4945966804639, 300.0]","[0, 0, 314.59803956045437]"
2023-08-22 19:03:04,"[76, 160.80369164487925, 300.0]","[0, 0, 324.05183051313713]"
2023-08-22 19:03:05,"[77, 163.68579319382258, 300.0]","[0, 0, 332.6280657501749]"
2023-08-22 19:03:06,"[78, 166.4960688318286, 300.0]","[0, 0, 340.317395673164]"
2023-08-22 19:03:07,"[79, 168.7333258580368, 106.91590533265492]","[0, 0, 340.317395673164]"
2023-08-22 19:03:08,"[80, 170.7417974637331, 115.87328688994361]","[0, 0, 340.317395673164]"
2023-08-22 19:03:09,"[81, 170.95205680411252, 125.637331475783]","[0, 0, 340.317395673164]"
2023-08-22 19:03:10,"[82, 173.99904087004865, 133.868679953932]","[0, 0, 340.317395673164]"
2023-08-22 19:03:11,"[83, 177.15170147026865, 141.26711570379047]","[0, 0, 340.317395673164]"
2023-08-22 19:03:12,"[84, 178.36479159319933, 148.30735156748668]","[0, 0, 340.317395673164]"
2023-08-22 19:03:13,"[85, 178.36479159319933, 154.83366631976068]","[0, 0, 340.317395673164]"
2023-08-22 19:03:14,"[86, 179.20807775758124, 161.401734562937]","[0, 0, 340.317395673164]"
2023-08-22 19:03:15,"[87, 181.59912981525645, 167.42023003121463]","[0, 0, 340.317395673164]"
2023-08-22 19:03:16,"[88, 183.66825137996918, 173.98318877442932]","[0, 0, 340.317395673164]"
2023-08-22 19:03:17,"[89, 183.66825137996918, 178.95282250075823]","[0, 0, 340.317395673164]"
2023-08-22 19:03:18,"[90, 186.72720553737653, 184.8911976485457]","[0, 0, 340.317395673164]"
2023-08-22 19:03:19,"[91, 188.21473897757207, 191.39160692864687]","[0, 0, 340.317395673164]"
2023-08-22 19:03:20,"[92, 188.21473897757207, 198.95613363979675]","[0, 0, 340.317395673164]"
2023-08-22 19:03:21,"[93, 190.12551095446926, 206.37969297233795]","[0, 0, 340.317395673164]"
2023-08-22 19:03:22,"[94, 192.4018796380955, 213.301271771653]","[0, 0, 340.317395673164]"
2023-08-22 19:03:23,"[95, 196.4417456239883, 220.52246647859923]","[0, 0, 340.317395673164]"
2023-08-22 19:03:24,"[96, 198.13313015656138, 227.99654227284356]","[0, 0, 340.317395673164]"
2023-08-22 19:03:25,"[97, 199.81287705893928, 234.99714363036185]","[0, 0, 340.317395673164]"
2023-08-22 19:03:26,"[98, 200.0, 241.08396672911405]","[0, 0.842480835409134, 340.317395673164]"
2023-08-22 19:03:27,"[99, 200.0, 248.77577566999634]","[0, 3.080544914518896, 340.317395673164]"
2023-08-22 19:03:28,"[100, 200.0, 256.65283316310376]","[0, 4.107103096264268, 340.317395673164]"
2023-08-22 19:03:29,"[100, 200.0, 266.9267861843363]","[1, 4.339224990110438, 340.317395673164]"
2023-08-22 19:03:30,"[100, 200.0, 278.44809764648005]","[2, 5.859610068049477, 340.317395673164]"
2023-08-22 19:03:31,"[100, 200.0, 289.04412651872167]","[3, 7.638472002709705, 340.317395673164]"
2023-08-22 19:03:32,"[100, 200.0, 299.22073309742785]","[4, 10.411520529444942, 340.317395673164]"
2023-08-22 19:03:33,"[100, 200.0, 300.0]","[5, 12.231331534407417, 348.68055956726295]"
2023-08-22 19:03:34,"[100, 200.0, 300.0]","[6, 14.28226575674043, 359.2534930213365]"
2023-08-22 19:03:35,"[100, 200.0, 300.0]","[7, 16.111930659144377, 369.34580258639124]"
2023-08-22 19:03:36,"[100, 200.0, 300.0]","[8, 18.718762366996003, 379.95332902154814]"
2023-08-22 19:03:37,"[100, 200.0, 300.0]","[9, 19.82561320076158, 392.0012703068781]"
2023-08-22 19:03:38,"[100, 200.0, 300.0]","[10, 23.51014193933176, 404.5822252722448]"
2023-08-22 19:03:39,"[100, 200.0, 300.0]","[11, 25.20776262642633, 417.1351880195977]"
2023-08-22 19:03:40,"[100, 200.0, 300.0]","[12, 26.68599394248872, 431.1310359272031]"
2023-08-22 19:03:41,"[100, 200.0, 300.0]","[13, 28.939463012653988, 443.94880370981764]"
2023-08-22 19:03:42,"[100, 200.0, 300.0]","[14, 31.079489309329546, 455.43070436281414]"
2023-08-22 19:03:43,"[100, 200.0, 300.0]","[15, 33.91018088843731, 466.89460303311466]"
2023-08-22 19:03:44,"[100, 200.0, 300.0]","[16, 34.898980906024434, 477.7500170218159]"
2023-08-22 19:03:45,"[100, 200.0, 300.0]","[17, 35.520556211296764, 490.75204034940555]"
2023-08-22 19:03:46,"[100, 200.0, 300.0]","[18, 38.039164110212994, 503.52743886581715]"
2023-08-22 19:03:47,"[100, 0.0, 300.0]","[19, 38.039164110212994, 517.137678873009]"
2023-08-22 19:03:48,"[100, 2.200171499309657, 300.0]","[20, 38.039164110212994, 530.2538627993777]"
2023-08-22 19:03:49,"[100, 2.200171499309657, 300.0]","[21, 38.039164110212994, 542.7417696138789]"
2023-08-22 19:03:50,"[100, 2.899992879370613, 300.0]","[22, 38.039164110212994, 554.6197559420206]"
2023-08-22 19:03:51,"[100, 4.900842651122568, 300.0]","[23, 38.039164110212994, 565.85748243796]"
2023-08-22 19:03:52,"[100, 7.386626729614896, 300.0]","[24, 38.039164110212994, 576.7110597809847]"
2023-08-22 19:03:53,"[100, 9.605199523596575, 300.0]","[25, 38.039164110212994, 587.2268230813386]"
2023-08-22 19:03:54,"[100, 11.984343029019033, 300.0]","[26, 38.039164110212994, 599.1152082755927]"
2023-08-22 19:03:55,"[100, 14.474905328599077, 300.0]","[27, 38.039164110212994, 611.9563164135925]"
2023-08-22 19:03:56,"[100, 17.069901068598384, 300.0]","[28, 38.039164110212994, 624.9117572318697]"
2023-08-22 19:03:57,"[100, 18.830368756854437, 300.0]","[29, 38.039164110212994, 639.5412567723063]"
2023-08-22 19:03:58,"[100, 19.691267781355144, 300.0]","[30, 38.039164110212994, 654.7738294127375]"
2023-08-22 19:03:59,"[100, 21.885512806637756, 300.0]","[31, 38.039164110212994, 669.5749902122666]"
2023-08-22 19:04:00,"[100, 23.55081625546307, 300.0]","[32, 38.039164110212994, 684.1961623888362]"
2023-08-22 19:04:01,"[100, 26.929764358358725, 300.0]","[33, 38.039164110212994, 697.8021696856742]"
2023-08-22 19:04:02,"[100, 30.13993860352947, 300.0]","[34, 38.039164110212994, 711.4309695145222]"
2023-08-22 19:04:03,"[100, 33.024943199744705, 300.0]","[35, 38.039164110212994, 724.2217586714007]"
2023-08-22 19:04:04,"[100, 34.34054528548896, 300.0]","[36, 38.039164110212994, 737.5530713289485]"
2023-08-22 19:04:05,"[100, 38.97069433145421, 300.0]","[37, 38.039164110212994, 751.9940471344393]"
2023-08-22 19:04:06,"[100, 43.09880205374545, 300.0]","[38, 38.039164110212994, 765.730492338105]"
2023-08-22 19:04:07,"[100, 45.34427922031236, 300.0]","[39, 38.039164110212994, 778.8475134524687]"
2023-08-22 19:04:08,"[100, 45.46627294921768, 300.0]","[40, 38.039164110212994, 791.6743449620926]"
2023-08-22 19:04:09,"[100, 45.77467706457477, 300.0]","[41, 38.039164110212994, 804.4806302128719]"
2023-08-22 19:04:10,"[100, 46.076234011464095, 300.0]","[42, 38.039164110212994, 818.1380905715056]"
2023-08-22 19:04:11,"[100, 47.63232791300828, 300.0]","[43, 38.039164110212994, 831.6166153184769]"
2023-08-22 19:04:12,"[100, 50.218139202176765, 300.0]","[44, 38.039164110212994, 843.8549023125115]"
2023-08-22 19:04:13,"[100, 51.284462890002736, 300.0]","[45, 38.039164110212994, 856.8210972586271]"
2023-08-22 19:04:14,"[100, 53.84152314319567, 300.0]","[46, 38.039164110212994, 869.77548629339]"
2023-08-22 19:04:15,"[100, 56.35079758798075, 300.0]","[47, 38.039164110212994, 881.519048785173]"
2023-08-22 19:04:16,"[100, 59.463941925493984, 300.0]","[48, 38.039164110212994, 893.0417574543961]"
2023-08-22 19:04:17,"[100, 62.00019540314429, 300.0]","[49, 38.039164110212994, 904.2024874048487]"
2023-08-22 19:04:18,"[100, 64.41082277229896, 300.0]","[50, 38.039164110212994, 916.02924858065]"
2023-08-22 19:04:19,"[100, 65.90893824727686, 300.0]","[51, 38.039164110212994, 926.1855327076569]"
2023-08-22 19:04:20,"[100, 67.17361803064456, 300.0]","[52, 38.039164110212994, 936.6224376164223]"
2023-08-22 19:04:21,"[1, 70.30105585935054, 300.0]","[52, 38.039164110212994, 946.8259555818231]"
2023-08-22 19:04:22,"[2, 71.4225802029221, 300.0]","[52, 38.039164110212994, 956.6905047225133]"
2023-08-22 19:04:23,"[3, 73.76850839388835, 300.0]","[52, 38.039164110212994, 967.375090117035]"
2023-08-22 19:04:24,"[4, 76.65755138799221, 300.0]","[52, 38.039164110212994, 977.2223148065652]"
2023-08-22 19:04:25,"[5, 77.05707174389318, 300.0]","[52, 38.039164110212994, 987.1039342976239]"
2023-08-22 19:04:26,"[6, 78.21825271477005, 300.0]","[52, 38.039164110212994, 995.1517985218926]"
2023-08-22 19:04:27,"[7, 80.80953365092559, 300.0]","[52, 38.039164110212994, 1005.3548502620938]"
2023-08-22 19:04:28,"[8, 81.22597573199022, 300.0]","[52, 38.039164110212994, 1016.4405444628878]"
2023-08-22 19:04:29,"[9, 81.22640177081786, 300.0]","[52, 38.039164110212994, 1027.6700780964686]"
2023-08-22 19:04:30,"[10, 84.84025860078842, 300.0]","[52, 38.039164110212994, 1040.8873177251917]"
2023-08-22 19:04:31,"[11, 86.54231318757307, 300.0]","[52, 38.039164110212994, 1053.9253051534417]"
2023-08-22 19:04:32,"[12, 88.78255157008167, 300.0]","[52, 38.039164110212994, 1065.575931911287]"
2023-08-22 19:04:33,"[13, 92.02261068767494, 300.0]","[52, 38.039164110212994, 1078.6345126444362]"
2023-08-22 19:04:34,"[14, 93.84091647878566, 300.0]","[52, 38.039164110212994, 1090.5008868737991]"
2023-08-22 19:04:35,"[15, 95.4900149644963, 300.0]","[52, 38.039164110212994, 1101.679363503622]"
2023-08-22 19:04:36,"[16, 100.9483830110198, 300.0]","[52, 38.039164110212994, 1113.1486448680027]"
2023-08-22 19:04:37,"[17, 104.03912631357332, 300.0]","[52, 38.039164110212994, 1124.3632448565784]"
2023-08-22 19:04:38,"[18, 105.5240265831823, 300.0]","[52, 38.039164110212994, 1135.618178750915]"
2023-08-22 19:04:39,"[19, 108.19121315173172, 300.0]","[52, 38.039164110212994, 1147.617730364752]"
2023-08-22 19:04:40,"[20, 110.47953463270684, 300.0]","[52, 38.039164110212994, 1159.8394526255229]"
2023-08-22 19:04:41,"[21, 112.77617981789722, 300.0]","[52, 38.039164110212994, 1171.9661723929871]"
2023-08-22 19:04:42,"[22, 115.28851999336986, 300.0]","[52, 38.039164110212994, 1185.2262396791605]"
2023-08-22 19:04:43,"[23, 116.7396628389242, 300.0]","[52, 38.039164110212994, 1197.6578216526068]"
2023-08-22 19:04:44,"[24, 118.05357391592445, 300.0]","[52, 38.039164110212994, 1210.3664235740137]"
2023-08-22 19:04:45,"[25, 119.22086435533944, 300.0]","[52, 38.039164110212994, 1222.1488435431418]"
2023-08-22 19:04:46,"[26, 120.73828710803856, 300.0]","[52, 38.039164110212994, 1232.6425786255395]"
2023-08-22 19:04:47,"[27, 122.01301109193373, 300.0]","[52, 38.039164110212994, 1241.067918775003]"
2023-08-22 19:04:48,"[28, 123.93520709162578, 300.0]","[52, 38.039164110212994, 1248.8179874062755]"
2023-08-22 19:04:49,"[29, 125.99493061244043, 300.0]","[52, 38.039164110212994, 1255.4457606224432]"
2023-08-22 19:04:50,"[30, 126.67295535062959, 300.0]","[52, 38.039164110212994, 1261.4276387524942]"
2023-08-22 19:04:51,"[31, 129.34719770378058, 300.0]","[52, 38.039164110212994, 1268.2883444926822]"
2023-08-22 19:04:52,"[32, 130.47050572250203, 300.0]","[52, 38.039164110212994, 1275.6408868577626]"
2023-08-22 19:04:53,"[33, 131.81227090617116, 300.0]","[52, 38.039164110212994, 1281.5205927367224]"
2023-08-22 19:04:54,"[34, 134.41552825475443, 300.0]","[52, 38.039164110212994, 1286.0880045788504]"
2023-08-22 19:04:55,"[35, 137.12057859224154, 300.0]","[52, 38.039164110212994, 1291.463615865505]"
2023-08-22 19:04:56,"[36, 139.22019183253735, 300.0]","[52, 38.039164110212994, 1296.5860810215786]"
2023-08-22 19:04:57,"[37, 142.39806998511276, 300.0]","[52, 38.039164110212994, 1302.0745593785869]"
2023-08-22 19:04:58,"[38, 145.6331133546681, 300.0]","[52, 38.039164110212994, 1306.8625358491981]"
2023-08-22 19:04:59,"[39, 148.45584362422537, 300.0]","[52, 38.039164110212994, 1311.121520656767]"
2023-08-22 19:05:00,"[40, 151.53218078966728, 300.0]","[52, 38.039164110212994, 1316.8946351340378]"
2023-08-22 19:05:01,"[41, 151.85990250221533, 204.93007684616686]","[52, 38.039164110212994, 1316.8946351340378]"
2023-08-22 19:05:02,"[42, 153.9276631228413, 211.48183216430326]","[52, 38.039164110212994, 1316.8946351340378]"
2023-08-22 19:05:03,"[43, 155.37718909878586, 217.57193547334745]","[52, 38.039164110212994, 1316.8946351340378]"
2023-08-22 19:05:04,"[44, 158.1016682330507, 223.32454608542076]","[52, 38.039164110212994, 1316.8946351340378]"
2023-08-22 19:05:05,"[45, 160.85642232687033, 228.55210852477907]","[52, 38.039164110212994, 1316.8946351340378]"
2023-08-22 19:05:06,"[46, 162.49248949259325, 234.97607514358737]","[52, 38.039164110212994, 1316.8946351340378]"
2023-08-22 19:05:07,"[47, 165.43503156432823, 242.4372574830915]","[52, 38.039164110212994, 1316.8946351340378]"
2023-08-22 19:05:08,"[48, 166.50722005571194, 251.15551954032446]","[52, 38.039164110212994, 1316.8946351340378]"
2023-08-22 19:05:09,"[49, 168.06784306714783, 260.2761185572065]","[52, 38.039164110212994, 1316.8946351340378]"
2023-08-22 19:05:10,"[50, 168.7056602652734, 271.113086752007]","[52, 38.039164110212994, 1316.8946351340378]"
2023-08-22 19:05:11,"[51, 170.3160117149033, 281.8468989760838]","[52, 38.039164110212994, 1316.8946351340378]"
2023-08-22 19:05:12,"[52, 172.0905543730955, 293.20344529531707]","[52, 38.039164110212994, 1316.8946351340378]"
2023-08-22 19:05:13,"[53, 176.675015974768, 300.0]","[52, 38.039164110212994, 1320.4181058835436]"
2023-08-22 19:05:14,"[54, 179.41314368000945, 300.0]","[52, 38.039164110212994, 1330.6733203331419]"
2023-08-22 19:05:15,"[55, 180.15670478790378, 300.0]","[52, 38.039164110212994, 1341.1691519697056]"
2023-08-22 19:05:16,"[56, 183.89444543940488, 300.0]","[52, 38.039164110212994, 1353.22235267231]"
2023-08-22 19:05:17,"[57, 185.9679489989129, 300.0]","[52, 38.039164110212994, 1367.618279503405]"
2023-08-22 19:05:18,"[58, 188.14245073862529, 300.0]","[52, 38.039164110212994, 1383.3500401354847]"
2023-08-22 19:05:19,"[59, 190.68687981037743, 300.0]","[52, 38.039164110212994, 1398.6420756968846]"
2023-08-22 19:05:20,"[60, 192.62068741482264, 300.0]","[52, 38.039164110212994, 1412.6951186652561]"
2023-08-22 19:05:21,"[61, 193.23157158575967, 300.0]","[52, 38.039164110212994, 1428.1081425878456]"
2023-08-22 19:05:22,"[62, 194.0585771522811, 300.0]","[52, 38.039164110212994, 1442.6646456873555]"
2023-08-22 19:05:23,"[63, 197.42381878093613, 300.0]","[52, 38.039164110212994, 1458.5808079207413]"
2023-08-22 19:05:24,"[64, 200.0, 300.0]","[52, 38.281878927307076, 1473.042832812437]"
2023-08-22 19:05:25,"[65, 200.0, 300.0]","[52, 40.43114720687706, 1487.2029104271646]"
2023-08-22 19:05:26,"[66, 200.0, 300.0]","[52, 43.3654047372429, 1500.5235845227062]"
2023-08-22 19:05:27,"[67, 200.0, 300.0]","[52, 47.30914242275844, 1513.2694996062269]"
2023-08-22 19:05:28,"[68, 200.0, 300.0]","[52, 49.98416427241352, 1525.2230259868209]"
2023-08-22 19:05:29,"[69, 200.0, 300.0]","[52, 51.50385045945126, 1537.6630256827486]"
2023-08-22 19:05:30,"[70, 200.0, 300.0]","[52, 53.63935692930676, 1549.5928205318296]"
2023-08-22 19:05:31,"[71, 200.0, 300.0]","[52, 56.71092156909981, 1563.2052227172107]"
2023-08-22 19:05:32,"[72, 200.0, 300.0]","[52, 59.49049435321629, 1574.7625043667495]"
2023-08-22 19:05:33,"[73, 200.0, 300.0]","[52, 62.39922394205766, 1586.8709970447817]"
2023-08-22 19:05:34,"[74, 200.0, 300.0]","[52, 63.33299105290496, 1597.9333394061941]"
2023-08-22 19:05:35,"[75, 200.0, 300.0]","[52, 65.89798040380646, 1607.7268155350266]"
2023-08-22 19:05:36,"[76, 200.0, 300.0]","[52, 68.93195675288402, 1617.2226769283075]"
2023-08-22 19:05:37,"[77, 200.0, 300.0]","[52, 71.47914096088286, 1625.0455722939464]"
2023-08-22 19:05:38,"[78, 200.0, 300.0]","[52, 73.18435366980628, 1633.2462624612517]"
2023-08-22 19:05:39,"[79, 200.0, 300.0]","[52, 73.92636479866468, 1640.769185583595]"
2023-08-22 19:05:40,"[80, 200.0, 300.0]","[52, 75.72951626149484, 1646.9660265077805]"
2023-08-22 19:05:41,"[81, 200.0, 300.0]","[52, 76.5852289369601, 1654.8303214164782]"
2023-08-22 19:05:42,"[82, 200.0, 300.0]","[52, 77.63248017662622, 1660.8127558097165]"
2023-08-22 19:05:43,"[83, 0.0, 300.0]","[52, 77.63248017662622, 1666.9985888044034]"
2023-08-22 19:05:44,"[84, 2.739628348970887, 300.0]","[52, 77.63248017662622, 1674.0807930777198]"
2023-08-22 19:05:45,"[85, 5.323299181263524, 300.0]","[52, 77.63248017662622, 1681.457171924013]"
2023-08-22 19:05:46,"[86, 7.2574542192791585, 300.0]","[52, 77.63248017662622, 1688.0531496408937]"
2023-08-22 19:05:47,"[87, 9.536797429818693, 300.0]","[52, 77.63248017662622, 1695.2445954795617]"
2023-08-22 19:05:48,"[88, 11.866877621695332, 300.0]","[52, 77.63248017662622, 1702.2093526456606]"
2023-08-22 19:05:49,"[89, 15.319371007715436, 300.0]","[52, 77.63248017662622, 1711.49242163172]"
2023-08-22 19:05:50,"[90, 16.72142477277542, 300.0]","[52, 77.63248017662622, 1718.9697668712856]"
2023-08-22 19:05:51,"[91, 17.791534420289693, 300.0]","[52, 77.63248017662622, 1725.7705613332018]"
2023-08-22 19:05:52,"[92, 19.904719337085755, 300.0]","[52, 77.63248017662622, 1733.0479816317618]"
2023-08-22 19:05:53,"[93, 20.16713660495234, 300.0]","[52, 77.63248017662622, 1741.4732508644277]"
2023-08-22 19:05:54,"[94, 20.16713660495234, 300.0]","[52, 77.63248017662622, 1750.5399411769774]"
2023-08-22 19:05:55,"[95, 22.620226038876666, 300.0]","[52, 77.63248017662622, 1759.7837682922623]"
2023-08-22 19:05:56,"[96, 24.20216443179918, 300.0]","[52, 77.63248017662622, 1769.2428273960834]"
2023-08-22 19:05:57,"[97, 26.79526252943959, 300.0]","[52, 77.63248017662622, 1780.114740340472]"
2023-08-22 19:05:58,"[98, 29.132871576910812, 300.0]","[52, 77.63248017662622, 1793.424752771598]"
2023-08-22 19:05:59,"[99, 31.970455124553723, 300.0]","[52, 77.63248017662622, 1807.4428592785662]"
2023-08-22 19:06:00,"[100, 33.052047334709656, 300.0]","[52, 77.63248017662622, 1823.2904673663927]"
2023-08-22 19:06:01,"[100, 33.91019471475298, 300.0]","[53, 77.63248017662622, 1840.581633321231]"
2023-08-22 19:06:02,"[100, 37.07773362449081, 300.0]","[54, 77.63248017662622, 1858.43708855403]"
2023-08-22 19:06:03,"[100, 37.91509767064304, 300.0]","[55, 77.63248017662622, 1875.9938338593047]"
2023-08-22 19:06:04,"[100, 39.35112136930987, 300.0]","[56, 77.63248017662622, 1893.6728006062463]"
2023-08-22 19:06:05,"[100, 41.510301642306224, 300.0]","[57, 77.63248017662622, 1911.2301354970227]"
2023-08-22 19:06:06,"[100, 43.449024899051054, 300.0]","[58, 77.63248017662622, 1928.5173015616451]"
2023-08-22 19:06:07,"[100, 45.956162901882244, 300.0]","[59, 77.63248017662622, 1945.7224231758144]"
2023-08-22 19:06:08,"[100, 47.42190043657194, 300.0]","[60, 77.63248017662622, 1963.8946992840251]"
2023-08-22 19:06:09,"[100, 49.93727216333465, 300.0]","[61, 77.63248017662622, 1982.4198467679803]"
2023-08-22 19:06:10,"[100, 52.49204810261019, 300.0]","[62, 77.63248017662622, 2001.2938590016943]"
2023-08-22 19:06:11,"[100, 55.39703206393414, 300.0]","[63, 77.63248017662622, 2021.582993782208]"
2023-08-22 19:06:12,"[100, 55.55305642986435, 300.0]","[64, 77.63248017662622, 2040.313390063802]"
2023-08-22 19:06:13,"[100, 57.300146743693645, 300.0]","[65, 77.63248017662622, 2058.4788561867845]"
2023-08-22 19:06:14,"[100, 59.130017707929866, 300.0]","[66, 77.63248017662622, 2075.4461067214784]"
2023-08-22 19:06:15,"[100, 60.462216675389534, 300.0]","[67, 77.63248017662622, 2092.573724577251]"
2023-08-22 19:06:16,"[100, 62.768906704501205, 300.0]","[68, 77.63248017662622, 2111.951037573363]"
2023-08-22 19:06:17,"[100, 65.22320535119309, 300.0]","[69, 77.63248017662622, 2131.4349672786534]"
2023-08-22 19:06:18,"[1, 68.38567020168159, 300.0]","[69, 77.63248017662622, 2150.6086762761083]"
2023-08-22 19:06:19,"[2, 68.78126867937614, 300.0]","[69, 77.63248017662622, 2170.244751815235]"
2023-08-22 19:06:20,"[3, 70.20810537896892, 300.0]","[69, 77.63248017662622, 2190.171806764099]"
2023-08-22 19:06:21,"[4, 71.45703437131576, 300.0]","[69, 77.63248017662622, 2210.859219734943]"
2023-08-22 19:06:22,"[5, 71.86620400139087, 300.0]","[69, 77.63248017662622, 2230.192574931173]"
2023-08-22 19:06:23,"[6, 73.26097195217083, 300.0]","[69, 77.63248017662622, 2249.2585062652633]"
2023-08-22 19:06:24,"[7, 75.5664313579166, 300.0]","[69, 77.63248017662622, 2266.6929343587326]"
2023-08-22 19:06:25,"[8, 78.40010319697063, 300.0]","[69, 77.63248017662622, 2282.642885050761]"
2023-08-22 19:06:26,"[9, 78.71233870813494, 300.0]","[69, 77.63248017662622, 2297.2746527709805]"
2023-08-22 19:06:27,"[10, 79.24982888282459, 300.0]","[69, 77.63248017662622, 2311.534579101847]"
2023-08-22 19:06:28,"[11, 80.45241816566983, 300.0]","[69, 77.63248017662622, 2326.1048775049917]"
2023-08-22 19:06:29,"[12, 81.84224398184101, 300.0]","[69, 77.63248017662622, 2340.3497883669907]"
2023-08-22 19:06:30,"[13, 85.37078461780547, 300.0]","[69, 77.63248017662622, 2353.0724087072035]"
2023-08-22 19:06:31,"[14, 86.21576191741576, 300.0]","[69, 77.63248017662622, 2365.4706738531986]"
2023-08-22 19:06:32,"[15, 86.9413733863498, 300.0]","[69, 77.63248017662622, 2377.3003245626246]"
2023-08-22 19:06:33,"[16, 88.52596771635561, 300.0]","[69, 77.63248017662622, 2387.994740592633]"
2023-08-22 19:06:34,"[17, 90.42165223217228, 300.0]","[69, 77.63248017662622, 2398.937780912951]"
2023-08-22 19:06:35,"[18, 93.86290746034244, 300.0]","[69, 77.63248017662622, 2408.6935283988832]"
2023-08-22 19:06:36,"[19, 95.15406106484006, 300.0]","[69, 77.63248017662622, 2419.586242220436]"
2023-08-22 19:06:37,"[20, 97.28888608989791, 300.0]","[69, 77.63248017662622, 2430.778903166539]"
2023-08-22 19:06:38,"[21, 99.77965593939139, 300.0]","[69, 77.63248017662622, 2441.924750148157]"
2023-08-22 19:06:39,"[22, 100.40262939354074, 300.0]","[69, 77.63248017662622, 2453.294032498819]"
2023-08-22 19:06:40,"[23, 102.58811764317038, 300.0]","[69, 77.63248017662622, 2466.0224266878804]"
2023-08-22 19:06:41,"[24, 104.96986585023727, 300.0]","[69, 77.63248017662622, 2479.1606374189378]"
2023-08-22 19:06:42,"[25, 106.72716985141349, 300.0]","[69, 77.63248017662622, 2491.7594214727965]"
2023-08-22 19:06:43,"[26, 109.00250276649034, 300.0]","[69, 77.63248017662622, 2505.6545186782705]"
2023-08-22 19:06:44,"[27, 111.5845850490247, 300.0]","[69, 77.63248017662622, 2520.4443405703296]"
2023-08-22 19:06:45,"[28, 115.75324639805223, 300.0]","[69, 77.63248017662622, 2535.7201475480147]"
2023-08-22 19:06:46,"[29, 119.1328166512336, 300.0]","[69, 77.63248017662622, 2550.791545467871]"
2023-08-22 19:06:47,"[30, 121.27667581101082, 300.0]","[69, 77.63248017662622, 2566.2086386007104]"
2023-08-22 19:06:48,"[31, 124.72037089745973, 300.0]","[69, 77.63248017662622, 2582.1599231979417]"
2023-08-22 19:06:49,"[32, 126.0505482188076, 300.0]","[69, 77.63248017662622, 2596.759002819029]"
2023-08-22 19:06:50,"[33, 128.6590171655122, 300.0]","[69, 77.63248017662622, 2610.870452267041]"
2023-08-22 19:06:51,"[34, 129.33396237869303, 300.0]","[69, 77.63248017662622, 2625.110565009595]"
2023-08-22 19:06:52,"[35, 131.62780739878428, 300.0]","[69, 77.63248017662622, 2640.681500651211]"
2023-08-22 19:06:53,"[36, 133.61766636676626, 300.0]","[69, 77.63248017662622, 2655.72118759365]"
2023-08-22 19:06:54,"[37, 135.5978191401731, 300.0]","[69, 77.63248017662622, 2670.7779604197185]"
2023-08-22 19:06:55,"[38, 138.33809496567855, 300.0]","[69, 77.63248017662622, 2688.9336541399275]"
2023-08-22 19:06:56,"[39, 139.73898267394426, 300.0]","[69, 77.63248017662622, 2708.386805788594]"
2023-08-22 19:06:57,"[40, 141.13990150647294, 219.9655752162106]","[69, 77.63248017662622, 2708.386805788594]"
2023-08-22 19:06:58,"[41, 142.0793492327342, 239.8368142216143]","[69, 77.63248017662622, 2708.386805788594]"
2023-08-22 19:06:59,"[42, 143.73612967890784, 257.7094012544452]","[69, 77.63248017662622, 2708.386805788594]"
2023-08-22 19:07:00,"[43, 146.28873477427834, 277.0743511055331]","[69, 77.63248017662622, 2708.386805788594]"
2023-08-22 19:07:01,"[44, 147.76736028713825, 296.2975693475406]","[69, 77.63248017662622, 2708.386805788594]"
2023-08-22 19:07:02,"[45, 148.9375187943456, 300.0]","[69, 77.63248017662622, 2723.81949790322]"
2023-08-22 19:07:03,"[46, 152.08733191906748, 300.0]","[69, 77.63248017662622, 2740.6140891251]"
2023-08-22 19:07:04,"[47, 152.85878732681562, 300.0]","[69, 77.63248017662622, 2757.2945876157364]"
2023-08-22 19:07:05,"[48, 154.87647548074523, 300.0]","[69, 77.63248017662622, 2774.7575418909796]"
2023-08-22 19:07:06,"[49, 157.16196261266856, 300.0]","[69, 77.63248017662622, 2792.931886189741]"
2023-08-22 19:07:07,"[50, 159.4534913429923, 300.0]","[69, 77.63248017662622, 2810.275776000687]"
2023-08-22 19:07:08,"[51, 159.4563140474009, 300.0]","[69, 77.63248017662622, 2827.800689223927]"
2023-08-22 19:07:09,"[52, 160.9443342731917, 300.0]","[69, 77.63248017662622, 2843.2636739727877]"
2023-08-22 19:07:10,"[53, 162.87245644137937, 300.0]","[69, 77.63248017662622, 2858.1977455732285]"
2023-08-22 19:07:11,"[54, 164.7170882415365, 300.0]","[69, 77.63248017662622, 2872.991680062749]"
2023-08-22 19:07:12,"[55, 166.21995077572188, 300.0]","[69, 77.63248017662622, 2886.0861807318556]"
2023-08-22 19:07:13,"[56, 168.22804371938085, 300.0]","[69, 77.63248017662622, 2899.7312491457815]"
2023-08-22 19:07:14,"[57, 170.36280164489835, 300.0]","[69, 77.63248017662622, 2913.539640122674]"
2023-08-22 19:07:15,"[58, 170.72117192701162, 300.0]","[69, 77.63248017662622, 2927.937874652252]"
2023-08-22 19:07:16,"[59, 173.08757466611956, 300.0]","[69, 77.63248017662622, 2941.753482994905]"
2023-08-22 19:07:17,"[60, 177.00312716205642, 300.0]","[69, 77.63248017662622, 2955.8200877778404]"
2023-08-22 19:07:18,"[61, 179.84235428334557, 300.0]","[69, 77.63248017662622, 2971.4117417780735]"
2023-08-22 19:07:19,"[62, 182.4273818816959, 300.0]","[69, 77.63248017662622, 2987.5887843920514]"
2023-08-22 19:07:20,"[63, 185.7163250618053, 300.0]","[69, 77.63248017662622, 3001.563299401206]"
2023-08-22 19:07:21,"[64, 187.67108062247718, 300.0]","[69, 77.63248017662622, 3014.7584013091287]"
2023-08-22 19:07:22,"[65, 190.2897759764842, 300.0]","[69, 77.63248017662622, 3025.764779307646]"
2023-08-22 19:07:23,"[66, 191.3514498133788, 300.0]","[69, 77.63248017662622, 3037.172459551831]"
2023-08-22 19:07:24,"[67, 191.36688457051756, 300.0]","[69, 77.63248017662622, 3048.4356501785087]"
2023-08-22 19:07:25,"[68, 195.07088149834755, 300.0]","[69, 77.63248017662622, 3058.883019202879]"
2023-08-22 19:07:26,"[69, 196.4026284862266, 300.0]","[69, 77.63248017662622, 3069.191423576241]"
2023-08-22 19:07:27,"[70, 197.56480766882163, 300.0]","[69, 77.63248017662622, 3080.6480370376676]"
2023-08-22 19:07:28,"[71, 199.86109887797753, 300.0]","[69, 77.63248017662622, 3089.9325180317737]"
2023-08-22 19:07:29,"[72, 200.0, 300.0]","[69, 79.4174899658154, 3100.3182981947957]"
2023-08-22 19:07:30,"[73, 200.0, 300.0]","[69, 82.52781362856445, 3110.7379357852215]"
2023-08-22 19:07:31,"[74, 200.0, 300.0]","[69, 84.80011641049293, 3121.817155168311]"
2023-08-22 19:07:32,"[75, 200.0, 300.0]","[69, 88.47593107380638, 3133.7965865371457]"
2023-08-22 19:07:33,"[76, 200.0, 300.0]","[69, 90.3043837883155, 3144.4746233764304]"
2023-08-22 19:07:34,"[77, 200.0, 300.0]","[69, 92.35494792979537, 3156.274189373727]"
2023-08-22 19:07:35,"[78, 200.0, 109.16304266418852]","[69, 95.0527671628947, 3156.274189373727]"
2023-08-22 19:07:36,"[79, 200.0, 119.24186887806205]","[69, 97.44145102562976, 3156.274189373727]"
2023-08-22 19:07:37,"[80, 200.0, 129.32748087250567]","[69, 100.34114296296119, 3156.274189373727]"
2023-08-22 19:07:38,"[81, 200.0, 138.91107517405135]","[69, 101.73169117573323, 3156.274189373727]"
2023-08-22 19:07:39,"[82, 200.0, 148.2891158356901]","[69, 104.6630455607993, 3156.274189373727]"
2023-08-22 19:07:40,"[83, 200.0, 158.41898594344957]","[69, 105.22562968297856, 3156.274189373727]"
2023-08-22 19:07:41,"[84, 200.0, 169.83765932759817]","[69, 108.41202080904483, 3156.274189373727]"
2023-08-22 19:07:42,"[85, 200.0, 181.1422470586534]","[69, 111.13419909138557, 3156.274189373727]"
2023-08-22 19:07:43,"[86, 200.0, 191.64883866334569]","[69, 113.28578553146917, 3156.274189373727]"
2023-08-22 19:07:44,"[87, 200.0, 202.1552930788934]","[69, 114.02237333115738, 3156.274189373727]"
2023-08-22 19:07:45,"[88, 200.0, 212.25947650026603]","[69, 115.34210334307372, 3156.274189373727]"
2023-08-22 19:07:46,"[89, 200.0, 221.9659592842027]","[69, 117.34186549258428, 3156.274189373727]"
2023-08-22 19:07:47,"[90, 200.0, 230.36701518016952]","[69, 120.82644022757279, 3156.274189373727]"
2023-08-22 19:07:48,"[91, 200.0, 239.8793995142676]","[69, 124.07804239790178, 3156.274189373727]"
2023-08-22 19:07:49,"[92, 200.0, 247.69776256510906]","[69, 125.9992204701638, 3156.274189373727]"
2023-08-22 19:07:50,"[93, 200.0, 256.73951573882977]","[69, 125.9992204701638, 3156.274189373727]"
2023-08-22 19:07:51,"[94, 200.0, 266.60316362995746]","[69, 125.9992204701638, 3156.274189373727]"
2023-08-22 19:07:52,"[95, 200.0, 277.35225172105754]","[69, 127.50999948178705, 3156.274189373727]"
2023-08-22 19:07:53,"[96, 200.0, 289.20730785210003]","[69, 129.90163000992013, 3156.274189373727]"
2023-08-22 19:07:54,"[97, 200.0, 300.0]","[69, 133.46567517120926, 3157.13165861801]"
2023-08-22 19:07:55,"[98, 200.0, 300.0]","[69, 135.8136042153784, 3168.511947451474]"
2023-08-22 19:07:56,"[99, 200.0, 300.0]","[69, 137.59192329483497, 3181.0051539718984]"
2023-08-22 19:07:57,"[100, 200.0, 300.0]","[69, 140.72379311599886, 3193.555515685065]"
2023-08-22 19:07:58,"[100, 200.0, 300.0]","[70, 142.6855466737866, 3206.0891925686406]"
2023-08-22 19:07:59,"[100, 200.0, 300.0]","[71, 143.67233052399257, 3219.4192563542365]"
2023-08-22 19:08:00,"[100, 200.0, 300.0]","[72, 146.8408630423851, 3232.830097024948]"
2023-08-22 19:08:01,"[100, 200.0, 300.0]","[73, 148.03158974788536, 3246.139305414794]"
2023-08-22 19:08:02,"[100, 200.0, 300.0]","[74, 150.3346780554503, 3259.05958106847]"
2023-08-22 19:08:03,"[100, 200.0, 300.0]","[75, 153.05967270064207, 3273.659360920748]"
2023-08-22 19:08:04,"[100, 200.0, 300.0]","[76, 155.9137893716888, 3289.711849927534]"
2023-08-22 19:08:05,"[100, 200.0, 300.0]","[77, 157.9244550914818, 3304.718316240837]"
2023-08-22 19:08:06,"[100, 200.0, 300.0]","[78, 161.15187714255995, 3319.379062701212]"
2023-08-22 19:08:07,"[100, 200.0, 300.0]","[79, 161.96470513156274, 3332.6770435955186]"
2023-08-22 19:08:08,"[100, 200.0, 300.0]","[80, 162.59131036695618, 3347.1053582879385]"
2023-08-22 19:08:09,"[100, 200.0, 300.0]","[81, 164.00313859138564, 3359.677323617547]"
2023-08-22 19:08:10,"[100, 200.0, 300.0]","[82, 165.34384452922862, 3373.2239767512424]"
2023-08-22 19:08:11,"[1, 200.0, 300.0]","[82, 167.5129324666221, 3385.9176548321752]"
2023-08-22 19:08:12,"[2, 200.0, 300.0]","[82, 169.23984977181593, 3397.680759559508]"
2023-08-22 19:08:13,"[3, 200.0, 300.0]","[82, 171.27436574926838, 3410.003079994386]"
2023-08-22 19:08:14,"[4, 200.0, 300.0]","[82, 172.52039287592862, 3423.120197791773]"
2023-08-22 19:08:15,"[5, 200.0, 300.0]","[82, 174.11818380273442, 3435.9239004618044]"
2023-08-22 19:08:16,"[6, 200.0, 300.0]","[82, 176.33344517780696, 3447.3848080158104]"
2023-08-22 19:08:17,"[7, 200.0, 300.0]","[82, 178.5517514215696, 3458.6236051453197]"
2023-08-22 19:08:18,"[8, 200.0, 300.0]","[82, 182.01676478598316, 3468.950730042191]"
2023-08-22 19:08:19,"[9, 200.0, 300.0]","[82, 185.06395297621933, 3480.259844115442]"
2023-08-22 19:08:20,"[10, 200.0, 300.0]","[82, 189.04456945986965, 3493.9198324304516]"
2023-08-22 19:08:21,"[11, 200.0, 300.0]","[82, 189.7397801477111, 3507.702613543717]"
2023-08-22 19:08:22,"[12, 200.0, 300.0]","[82, 192.98676314434798, 3521.6985040722143]"
2023-08-22 19:08:23,"[13, 200.0, 300.0]","[82, 194.46138616748277, 3535.305465140755]"
2023-08-22 19:08:24,"[14, 200.0, 300.0]","[82, 197.65337084917928, 3550.106405162555]"
2023-08-22 19:08:25,"[15, 200.0, 300.0]","[82, 198.0935908006594, 3565.4164358021803]"
2023-08-22 19:08:26,"[16, 200.0, 300.0]","[82, 199.01557234037878, 3580.788833549752]"
2023-08-22 19:08:27,"[17, 200.0, 300.0]","[82, 200.38877514403865, 3598.35489130463]"
2023-08-22 19:08:28,"[18, 200.0, 300.0]","[82, 201.87254676030966, 3615.5139007523185]"
2023-08-22 19:08:29,"[19, 200.0, 300.0]","[82, 202.9767218320556, 3631.9003234970683]"
2023-08-22 19:08:30,"[20, 200.0, 300.0]","[82, 203.61789559961193, 3649.1510870985558]"
2023-08-22 19:08:31,"[21, 200.0, 300.0]","[82, 207.6989107180145, 3666.8037829418063]"
2023-08-22 19:08:32,"[22, 200.0, 300.0]","[82, 208.91885830790548, 3686.115556453966]"
2023-08-22 19:08:33,"[23, 200.0, 300.0]","[82, 209.78197486205755, 3706.619492008719]"
2023-08-22 19:08:34,"[24, 200.0, 300.0]","[82, 210.31095453190886, 3726.1064817145884]"
2023-08-22 19:08:35,"[25, 200.0, 300.0]","[82, 211.968372250356, 3744.3475008451164]"
2023-08-22 19:08:36,"[26, 200.0, 300.0]","[82, 213.14577095367903, 3763.1168501419083]"
2023-08-22 19:08:37,"[27, 200.0, 300.0]","[82, 213.5198093710783, 3781.1931347734467]"
2023-08-22 19:08:38,"[28, 200.0, 300.0]","[82, 216.42537603505176, 3799.5908393080144]"
2023-08-22 19:08:39,"[29, 200.0, 300.0]","[82, 219.01865861604594, 3816.9676293330303]"
2023-08-22 19:08:40,"[30, 200.0, 300.0]","[82, 221.42480290469575, 3835.393130322661]"
2023-08-22 19:08:41,"[31, 200.0, 300.0]","[82, 222.92328170441903, 3852.9819002902723]"
2023-08-22 19:08:42,"[32, 200.0, 300.0]","[82, 225.68174273469205, 3869.985331912485]"
2023-08-22 19:08:43,"[33, 200.0, 300.0]","[82, 228.56728671615573, 3887.8595587437812]"
2023-08-22 19:08:44,"[34, 200.0, 300.0]","[82, 231.97088816722726, 3906.952993609246]"
2023-08-22 19:08:45,"[35, 200.0, 300.0]","[82, 234.51515350995655, 3926.1719726622796]"
2023-08-22 19:08:46,"[36, 200.0, 300.0]","[82, 234.7494310060429, 3945.8509315556093]"
2023-08-22 19:08:47,"[37, 200.0, 300.0]","[82, 235.71060794830217, 3965.0788460288536]"
2023-08-22 19:08:48,"[38, 200.0, 300.0]","[82, 237.6173486871905, 3984.0125088113164]"
2023-08-22 19:08:49,"[39, 200.0, 300.0]","[82, 240.89037660906837, 4001.5871479280904]"
2023-08-22 19:08:50,"[40, 200.0, 300.0]","[82, 242.21966394727275, 4017.8793151306786]"
2023-08-22 19:08:51,"[41, 102.6004733289368, 300.0]","[82, 242.21966394727275, 4034.131887463306]"
2023-08-22 19:08:52,"[42, 103.90627275100073, 113.64331722054398]","[82, 242.21966394727275, 4034.131887463306]"
2023-08-22 19:08:53,"[43, 104.39687422298421, 127.30219920703102]","[82, 242.21966394727275, 4034.131887463306]"
2023-08-22 19:08:54,"[44, 107.70338478448274, 141.16613989302672]","[82, 242.21966394727275, 4034.131887463306]"
2023-08-22 19:08:55,"[45, 108.2584151786, 155.64005767646728]","[82, 242.21966394727275, 4034.131887463306]"
2023-08-22 19:08:56,"[46, 108.46268463301006, 169.318810797819]","[82, 242.21966394727275, 4034.131887463306]"
2023-08-22 19:08:57,"[47, 110.46302816346505, 182.65723918813813]","[82, 242.21966394727275, 4034.131887463306]"
2023-08-22 19:08:58,"[48, 112.71136047406088, 195.02384865266058]","[82, 242.21966394727275, 4034.131887463306]"
2023-08-22 19:08:59,"[49, 114.34100121635642, 208.79471230940686]","[82, 242.21966394727275, 4034.131887463306]"
2023-08-22 19:09:00,"[50, 117.05766700393758, 221.43848292688864]","[82, 242.21966394727275, 4034.131887463306]"
2023-08-22 19:09:01,"[51, 118.80053453833683, 232.7094853333994]","[82, 242.21966394727275, 4034.131887463306]"
2023-08-22 19:09:02,"[52, 118.81567184345333, 242.78447331966933]","[82, 242.21966394727275, 4034.131887463306]"
2023-08-22 19:09:03,"[53, 121.12616124628809, 252.94198854095043]","[82, 242.21966394727275, 4034.131887463306]"
2023-08-22 19:09:04,"[54, 124.0700263387526, 263.5181805024271]","[82, 242.21966394727275, 4034.131887463306]"
2023-08-22 19:09:05,"[55, 125.91534177509176, 274.5309299755498]","[82, 242.21966394727275, 4034.131887463306]"
2023-08-22 19:09:06,"[56, 127.8011587833538, 284.814876736934]","[82, 242.21966394727275, 4034.131887463306]"
2023-08-22 19:09:07,"[57, 130.07511274155004, 295.84204188430124]","[82, 242.21966394727275, 4034.131887463306]"
2023-08-22 19:09:08,"[58, 132.39719259288353, 300.0]","[82, 242.21966394727275, 4041.24784069753]"
2023-08-22 19:09:09,"[59, 135.12999914157038, 300.0]","[82, 242.21966394727275, 4053.5623436275246]"
2023-08-22 19:09:10,"[60, 137.63041452625268, 300.0]","[82, 242.21966394727275, 4066.5201516190173]"
2023-08-22 19:09:11,"[61, 138.62638897456503, 300.0]","[82, 242.21966394727275, 4080.453384241027]"
2023-08-22 19:09:12,"[62, 142.0402143672511, 300.0]","[82, 242.21966394727275, 4094.2750309185785]"
2023-08-22 19:09:13,"[63, 144.4529563292709, 300.0]","[82, 242.21966394727275, 4106.401232070993]"
2023-08-22 19:09:14,"[64, 147.51847281400384, 300.0]","[82, 242.21966394727275, 4118.345673754861]"
2023-08-22 19:09:15,"[65, 148.7227234480187, 300.0]","[82, 242.21966394727275, 4129.592189864918]"
2023-08-22 19:09:16,"[66, 150.17745902852474, 300.0]","[82, 242.21966394727275, 4142.0873115540835]"
2023-08-22 19:09:17,"[67, 151.97916710259082, 300.0]","[82, 242.21966394727275, 4155.705357078676]"
2023-08-22 19:09:18,"[68, 154.14424513883887, 300.0]","[82, 242.21966394727275, 4169.116616866754]"
2023-08-22 19:09:19,"[69, 156.46275611722587, 300.0]","[82, 242.21966394727275, 4182.8333388655055]"
2023-08-22 19:09:20,"[70, 157.38655865596817, 300.0]","[82, 242.21966394727275, 4196.275648304673]"
2023-08-22 19:09:21,"[71, 158.7829690321922, 300.0]","[82, 242.21966394727275, 4208.944183497187]"
2023-08-22 19:09:22,"[72, 161.21979484120627, 300.0]","[82, 242.21966394727275, 4221.781079820829]"
2023-08-22 19:09:23,"[73, 164.29674651240754, 300.0]","[82, 242.21966394727275, 4234.962188167987]"
2023-08-22 19:09:24,"[74, 165.56353315087358, 300.0]","[82, 242.21966394727275, 4247.54363838166]"
2023-08-22 19:09:25,"[75, 169.53021023583315, 300.0]","[82, 242.21966394727275, 4261.501959911951]"
2023-08-22 19:09:26,"[76, 170.7978596780461, 300.0]","[82, 242.21966394727275, 4276.406123393479]"
2023-08-22 19:09:27,"[77, 173.14926417423663, 300.0]","[82, 242.21966394727275, 4291.6721922654915]"
2023-08-22 19:09:28,"[78, 175.48219491064867, 300.0]","[82, 242.21966394727275, 4307.468509917624]"
2023-08-22 19:09:29,"[79, 178.2354911009264, 300.0]","[82, 242.21966394727275, 4323.937561431099]"
2023-08-22 19:09:30,"[80, 179.40608089771192, 300.0]","[82, 242.21966394727275, 4339.796920892974]"
2023-08-22 19:09:31,"[81, 181.15368427081785, 300.0]","[82, 242.21966394727275, 4355.212552075084]"
2023-08-22 19:09:32,"[82, 183.30447645519138, 300.0]","[82, 242.21966394727275, 4370.849614128479]"
2023-08-22 19:09:33,"[83, 184.57201679980548, 300.0]","[82, 242.21966394727275, 4386.479643276194]"
2023-08-22 19:09:34,"[84, 188.50810128275188, 300.0]","[82, 242.21966394727275, 4402.360580246495]"
2023-08-22 19:09:35,"[85, 190.69174919181188, 300.0]","[82, 242.21966394727275, 4419.40946781799]"
